#
# A fatal error has been detected by the Java Runtime Environment:
#
#  EXCEPTION_ACCESS_VIOLATION (0xc0000005) at pc=0x00007ffc8338b569, pid=22076, tid=5108
#
# JRE version: OpenJDK Runtime Environment (21.0.10) (build 21.0.10+-14961533-b1163.108)
# Java VM: OpenJDK 64-Bit Server VM (21.0.10+-14961533-b1163.108, mixed mode, tiered, compressed oops, compressed class ptrs, g1 gc, windows-amd64)
# Problematic frame:
# V  [jvm.dll+0x31b569]
#
# No core dump will be written. Minidumps are not enabled by default on client versions of Windows
#
# If you would like to submit a bug report, please visit:
#   https://youtrack.jetbrains.com/issues/JBR
#

---------------  S U M M A R Y ------------

Command Line: --add-opens=java.base/java.lang=ALL-UNNAMED --add-opens=java.base/java.lang.invoke=ALL-UNNAMED --add-opens=java.base/java.util=ALL-UNNAMED --add-opens=java.prefs/java.util.prefs=ALL-UNNAMED --add-exports=jdk.compiler/com.sun.tools.javac.api=ALL-UNNAMED --add-exports=jdk.compiler/com.sun.tools.javac.util=ALL-UNNAMED --add-opens=java.base/java.util=ALL-UNNAMED --add-opens=java.prefs/java.util.prefs=ALL-UNNAMED --add-opens=java.base/java.nio.charset=ALL-UNNAMED --add-opens=java.base/java.net=ALL-UNNAMED --add-opens=java.base/java.util.concurrent=ALL-UNNAMED --add-opens=java.base/java.util.concurrent.atomic=ALL-UNNAMED --add-opens=java.xml/javax.xml.namespace=ALL-UNNAMED --add-opens=java.base/java.time=ALL-UNNAMED -Xmx2048m -Dfile.encoding=UTF-8 -Duser.country=FR -Duser.language=fr -Duser.variant -javaagent:C:\Users\Pauline\.gradle\wrapper\dists\gradle-9.3.1-bin\23ovyewtku6u96viwx3xl3oks\gradle-9.3.1\lib\agents\gradle-instrumentation-agent-9.3.1.jar org.gradle.launcher.daemon.bootstrap.GradleDaemon 9.3.1

Host: 12th Gen Intel(R) Core(TM) i7-1250U, 12 cores, 15G,  Windows 11 , 64 bit Build 26100 (10.0.26100.7920)
Time: Fri Jun  5 18:53:44 2026 elapsed time: 76.706482 seconds (0d 0h 1m 16s)

---------------  T H R E A D  ---------------

Current thread (0x000001e5a4b21ac0):  WorkerThread "G1 Conc#1"      [id=5108, stack(0x0000001f29d00000,0x0000001f29e00000) (1024K)]

Stack: [0x0000001f29d00000,0x0000001f29e00000],  sp=0x0000001f29dff8e0,  free space=1022k
Native frames: (J=compiled Java code, j=interpreted, Vv=VM code, C=native code)
V  [jvm.dll+0x31b569]
V  [jvm.dll+0x332817]
V  [jvm.dll+0x3393a4]
V  [jvm.dll+0x8944e4]
V  [jvm.dll+0x80fd28]
V  [jvm.dll+0x6d60fd]
C  [ucrtbase.dll+0x37b0]
C  [KERNEL32.DLL+0x2e8d7]
C  [ntdll.dll+0x8c48c]


siginfo: EXCEPTION_ACCESS_VIOLATION (0xc0000005), reading address 0x0000000000000068


Registers:
RAX=0x0000000000000000, RBX=0x0000000083625b94, RCX=0x0000000000000014, RDX=0x0000000000000001
RSP=0x0000001f29dff8e0, RBP=0x0000000000000001, RSI=0x000001e587916130, RDI=0x00000000a0000000
R8 =0x00000000a0000000, R9 =0x0000000000000200, R10=0x000001e5878cd8d0, R11=0x0000000000000003
R12=0x0000000000000001, R13=0x00007ffc83baccd0, R14=0x000000010004bf28, R15=0x0000000083625b50
RIP=0x00007ffc8338b569, EFLAGS=0x0000000000010206

XMM[0]=0x0000000000000000 0x0000000000000000
XMM[1]=0x0000000000000000 0x0000000000000000
XMM[2]=0x0000000000000000 0x0000000000000000
XMM[3]=0x0000000000000000 0x0000000000000000
XMM[4]=0x0000000000000000 0x0000000000000000
XMM[5]=0x0000000000000000 0x0000000000000000
XMM[6]=0x0000000000000000 0x0000000000000000
XMM[7]=0x0000000000000000 0x0000000000000000
XMM[8]=0x0000000000000000 0x0000000000000000
XMM[9]=0x0000000000000000 0x0000000000000000
XMM[10]=0x0000000000000000 0x0000000000000000
XMM[11]=0x0000000000000000 0x0000000000000000
XMM[12]=0x0000000000000000 0x0000000000000000
XMM[13]=0x0000000000000000 0x0000000000000000
XMM[14]=0x0000000000000000 0x0000000000000000
XMM[15]=0x0000000000000000 0x0000000000000000
  MXCSR=0x00001fa0


Register to memory mapping:

RAX=0x0 is null
RBX=0x0000000083625b94 is pointing into object: java.lang.reflect.Constructor 
{0x0000000083625b50} - klass: 'java/lang/reflect/Constructor'
 - ---- fields (total size 9 words):
 - 'override' 'Z' @12  false (0x00)
 - volatile 'accessCheckCache' 'Ljava/lang/Object;' @16  null (0x00000000)
 - private transient 'parameterData' 'Ljava/lang/reflect/Executable$ParameterData;' @20  null (0x00000000)
 - private volatile transient 'declaredAnnotations' 'Ljava/util/Map;' @24  a 'java/util/LinkedHashMap'{0x0000000083625b98} (0x83625b98)
 - private final 'slot' 'I' @28  0 (0x00000000)
 - private final 'modifiers' 'I' @32  1 (0x00000001)
 - private final 'clazz' 'Ljava/lang/Class;' @36  a 'java/lang/Class'{0x00000000836259c8} = 'org/gradle/api/internal/artifacts/resolver/DefaultResolutionOutputs$DefaultArtifactViewConfiguration_Decorated' (0x836259c8)
 - private final 'parameterTypes' '[Ljava/lang/Class;' @40  a 'java/lang/Class'[1] {0x0000000083625cb8} (0x83625cb8)
 - private final 'exceptionTypes' '[Ljava/lang/Class;' @44  a 'java/lang/Class'[0] {0x00000000fff0a4b8} (0xfff0a4b8)
 - private final transient 'signature' 'Ljava/lang/String;' @48  "(Lorg/gradle/api/internal/attributes/AttributesFactory;)V"{0x0000000083625cd0} (0x83625cd0)
 - private volatile transient 'genericInfo' 'Lsun/reflect/generics/repository/ConstructorRepository;' @52  null (0x00000000)
 - private final 'annotations' '[B' @56  [B{0x0000000083625d38} (0x83625d38)
 - private final 'parameterAnnotations' '[B' @60  null (0x00000000)
 - private 'constructorAccessor' 'Ljdk/internal/reflect/ConstructorAccessor;' @64  a 'jdk/internal/reflect/DirectConstructorHandleAccessor'{0x0000000083625d50} (0x83625d50)
 - private 'root' 'Ljava/lang/reflect/Constructor;' @68  
[error occurred during error reporting (printing register info), id 0xc0000005, EXCEPTION_ACCESS_VIOLATION (0xc0000005) at pc=0x00007ffc83731dd2]
RCX=0x0000000000000014 is an unknown value
RDX=0x0000000000000001 is an unknown value
RSP=0x0000001f29dff8e0 points into unknown readable memory: 0x0000000000000001 | 01 00 00 00 00 00 00 00
RBP=0x0000000000000001 is an unknown value
RSI=0x000001e587916130 points into unknown readable memory: 0x000001e587926a20 | 20 6a 92 87 e5 01 00 00
RDI=0x00000000a0000000 is an unallocated location in the heap
R8 =0x00000000a0000000 is an unallocated location in the heap
R9 =0x0000000000000200 is an unknown value
R10=0x000001e5878cd8d0 points into unknown readable memory: 0x00007ffc839e1910 | 10 19 9e 83 fc 7f 00 00
R11=0x0000000000000003 is an unknown value
R12=0x0000000000000001 is an unknown value
R13=0x00007ffc83baccd0 jvm.dll
R14=0x000000010004bf28 is a pointer to class: 
jdk.internal.vm.ContinuationScope {0x000000010004bf30}
 - instance size:     2
 - klass size:        72
 - access:            public synchronized 
 - flags:             has_nonstatic_fields has_final_method 
 - state:             loaded
 - name:              'jdk/internal/vm/ContinuationScope'
 - super:             'java/lang/Object'
 - sub:               
 - arrays:            null
 - methods:           Array<T>(0x000001e5a0082240)
 - method ordering:   Array<T>(0x000001e5a0000018)
 - local interfaces:  Array<T>(0x000001e5a0000058)
 - trans. interfaces: Array<T>(0x000001e5a0000058)
 - secondary supers: Array<T>(0x000001e5a0000048)
 - hash_slot:         40
 - bitmap:            0x0000000000000000
 - constants:         constant pool [50] {0x000001e5a0082040} for 'jdk/internal/vm/ContinuationScope'
 - class loader data:  loader data: 0x000001e59f32cc60 of 'bootstrap'
 - inner classes:     Array<T>(0x000001e5a0000028)
 - nest members:     Array<T>(0x000001e5a0000028)
 - permitted subclasses:     Array<T>(0x000001e5a0000028)
 - java mirror:       a 'java/lang/Class'{0x0000000081008e20} = 'jdk/internal/vm/ContinuationScope'
 - vtable length      5  (start addr: 0x000000010004c128)
 - itable length      2 (start addr: 0x000000010004c150)
 - ---- static fields (0 words):
 - ---- non-static fields (1 words):
 - final 'name' 'Ljava/lang/String;' @12 
 - non-static oop maps: 12-12 
R15=0x0000000083625b50 is an oop: java.lang.reflect.Constructor 
{0x0000000083625b50} - klass: 'java/lang/reflect/Constructor'
 - ---- fields (total size 9 words):
 - 'override' 'Z' @12  false (0x00)
 - volatile 'accessCheckCache' 'Ljava/lang/Object;' @16  null (0x00000000)
 - private transient 'parameterData' 'Ljava/lang/reflect/Executable$ParameterData;' @20  null (0x00000000)
 - private volatile transient 'declaredAnnotations' 'Ljava/util/Map;' @24  a 'java/util/LinkedHashMap'{0x0000000083625b98} (0x83625b98)
 - private final 'slot' 'I' @28  0 (0x00000000)
 - private final 'modifiers' 'I' @32  1 (0x00000001)
 - private final 'clazz' 'Ljava/lang/Class;' @36  a 'java/lang/Class'{0x00000000836259c8} = 'org/gradle/api/internal/artifacts/resolver/DefaultResolutionOutputs$DefaultArtifactViewConfiguration_Decorated' (0x836259c8)
 - private final 'parameterTypes' '[Ljava/lang/Class;' @40  a 'java/lang/Class'[1] {0x0000000083625cb8} (0x83625cb8)
 - private final 'exceptionTypes' '[Ljava/lang/Class;' @44  a 'java/lang/Class'[0] {0x00000000fff0a4b8} (0xfff0a4b8)
 - private final transient 'signature' 'Ljava/lang/String;' @48  "(Lorg/gradle/api/internal/attributes/AttributesFactory;)V"{0x0000000083625cd0} (0x83625cd0)
 - private volatile transient 'genericInfo' 'Lsun/reflect/generics/repository/ConstructorRepository;' @52  null (0x00000000)
 - private final 'annotations' '[B' @56  [B{0x0000000083625d38} (0x83625d38)
 - private final 'parameterAnnotations' '[B' @60  null (0x00000000)
 - private 'constructorAccessor' 'Ljdk/internal/reflect/ConstructorAccessor;' @64  a 'jdk/internal/reflect/DirectConstructorHandleAccessor'{0x0000000083625d50} (0x83625d50)
 - private 'root' 'Ljava/lang/reflect/Constructor;' @68  
[error occurred during error reporting (printing register info, attempt 2), id 0xc0000005, EXCEPTION_ACCESS_VIOLATION (0xc0000005) at pc=0x00007ffc83731dd2]

Top of Stack: (sp=0x0000001f29dff8e0)
0x0000001f29dff8e0:   0000000000000001 00007ffc8338b596
0x0000001f29dff8f0:   0000000083625ad0 00007ffc833a2f29
0x0000001f29dff900:   0000000083625b98 00007ffc833a2817
0x0000001f29dff910:   0000000083625b7c 0000001f29dff970
0x0000001f29dff920:   000000010004bf20 000001e587916130
0x0000001f29dff930:   0000001f27eff7a0 0000000083700000
0x0000001f29dff940:   0000000083625b50 00007ffc833a93a4
0x0000001f29dff950:   0000000000000009 000000010004ba90
0x0000001f29dff960:   000001e587916130 0000000000000001
0x0000001f29dff970:   00007ffc839e32f0 0000000000000000
0x0000001f29dff980:   0000000000000003 000001e5878cd8d0
0x0000001f29dff990:   000001e587916130 0000000000000001
0x0000001f29dff9a0:   0000000000000034 0000000000000000
0x0000001f29dff9b0:   0000000000000030 0000000000000000
0x0000001f29dff9c0:   000001e5a4b21ac0 00007ffc839044e4
0x0000001f29dff9d0:   000001e5878c3048 000001e5a6405640
0x0000001f29dff9e0:   0000000000000001 0000000000000001
0x0000001f29dff9f0:   0000000000000000 000001e5a4b21ac0
0x0000001f29dffa00:   0000000000100000 0000000000000000
0x0000001f29dffa10:   0000000000000000 00007ffc8387fd28
0x0000001f29dffa20:   000001e5a4b21ac0 00000000ffffffff
0x0000001f29dffa30:   0000001f29dff000 0000001f29d00000
0x0000001f29dffa40:   0000000000000004 0000000000001000
0x0000001f29dffa50:   0000000400001000 0000000000020000
0x0000001f29dffa60:   0000000000000000 00007ffd549dba9b
0x0000001f29dffa70:   000001e5a4b21ac0 0000000000000000
0x0000001f29dffa80:   0000000000000000 00007ffd544574bf
0x0000001f29dffa90:   0000000000000000 00007ffc837460fd
0x0000001f29dffaa0:   0000000000000000 000001e5a4b21ac0
0x0000001f29dffab0:   00000000000075a3 0000000000000000
0x0000001f29dffac0:   0000000000000000 00007ffd544437b0
0x0000001f29dffad0:   000001e5000075a3 000001e5a63c3ed0 

Instructions: (pc=0x00007ffc8338b569)
0x00007ffc8338b469:   8b 83 a8 00 00 00 48 39 83 a0 00 00 00 73 10 48
0x00007ffc8338b479:   8b 83 c0 00 00 00 48 39 83 b8 00 00 00 72 7f 48
0x00007ffc8338b489:   8b cb e8 40 c2 01 00 b0 01 48 8b 5c 24 30 48 83
0x00007ffc8338b499:   c4 20 5f c3 48 8b 53 30 44 8b 82 80 00 00 00 8b
0x00007ffc8338b4a9:   82 00 01 00 00 41 8b c8 2b c8 81 e1 ff ff 01 00
0x00007ffc8338b4b9:   81 f9 fe ff 01 00 72 2c 48 8b cb e8 d7 b5 01 00
0x00007ffc8338b4c9:   48 8b 53 30 44 8b 82 80 00 00 00 8b 82 00 01 00
0x00007ffc8338b4d9:   00 41 8b c8 2b c8 81 e1 ff ff 01 00 81 f9 fe ff
0x00007ffc8338b4e9:   01 00 73 1a 48 8b 82 80 01 00 00 4a 89 3c c0 41
0x00007ffc8338b4f9:   8d 40 01 25 ff ff 01 00 89 82 80 00 00 00 48 8b
0x00007ffc8338b509:   5c 24 30 b0 01 48 83 c4 20 5f c3 cc cc cc cc cc
0x00007ffc8338b519:   cc cc cc cc cc cc cc 48 89 6c 24 10 48 89 74 24
0x00007ffc8338b529:   18 57 48 83 ec 20 4c 8b 51 08 48 8b f1 4d 8b c8
0x00007ffc8338b539:   8b ea 49 8b f8 41 8b 8a 18 02 00 00 49 8b 82 10
0x00007ffc8338b549:   02 00 00 48 d3 e0 8b 0d 5b 4e 88 00 4c 2b c8 49
0x00007ffc8338b559:   8b 82 f8 01 00 00 49 d3 e9 45 8b c9 4a 8b 04 c8
0x00007ffc8338b569:   48 8b 40 68 4c 3b c0 72 12 32 c0 48 8b 6c 24 38
0x00007ffc8338b579:   48 8b 74 24 40 48 83 c4 20 5f c3 48 8b 46 10 48
0x00007ffc8338b589:   8d 4e 10 48 8b d7 48 89 5c 24 30 ff 10 8b 4e 28
0x00007ffc8338b599:   48 8b d7 48 2b 56 18 48 8b 46 30 48 c1 ea 03 48
0x00007ffc8338b5a9:   d3 ea 48 8b ca 48 c1 e9 06 4c 8d 04 c8 0f b6 ca
0x00007ffc8338b5b9:   49 8b 00 80 e1 3f ba 01 00 00 00 48 d3 e2 48 8b
0x00007ffc8338b5c9:   c8 48 0b ca 48 3b c8 74 12 f0 49 0f b1 08 74 25
0x00007ffc8338b5d9:   48 8b c8 48 0b ca 48 3b c8 75 ee 32 db 48 8b 6c
0x00007ffc8338b5e9:   24 38 0f b6 c3 48 8b 5c 24 30 48 8b 74 24 40 48
0x00007ffc8338b5f9:   83 c4 20 5f c3 80 3d 93 1c 82 00 00 b3 01 74 15
0x00007ffc8338b609:   8b 57 08 8b 0d 86 09 82 00 48 d3 e2 48 03 15 74
0x00007ffc8338b619:   09 82 00 eb 04 48 8b 57 08 48 8b cf e8 66 fe e1
0x00007ffc8338b629:   ff 48 8b 8e b8 02 00 00 4c 8b d8 4c 8b 0c e9 49
0x00007ffc8338b639:   8b 51 18 8b 8a 18 02 00 00 4c 8b 82 10 02 00 00
0x00007ffc8338b649:   41 8b 51 60 49 d3 e0 8b 0d 5a 4d 88 00 49 2b f8
0x00007ffc8338b659:   48 d3 ef 44 8b d7 49 23 d2 48 c1 e2 04 49 03 51 


Stack slot to memory mapping:

stack at sp + 0 slots: 0x0000000000000001 is an unknown value
stack at sp + 1 slots: 0x00007ffc8338b596 jvm.dll
stack at sp + 2 slots: 0x0000000083625ad0 is an oop: java.lang.ref.SoftReference 
{0x0000000083625ad0} - klass: 'java/lang/ref/SoftReference'
 - ---- fields (total size 5 words):
 - private 'referent' 'Ljava/lang/Object;' @12  a 'java/lang/Class$ReflectionData'{0x0000000083625af8} (0x83625af8)
 - volatile 'queue' 'Ljava/lang/ref/ReferenceQueue;' @16  a 'java/lang/ref/ReferenceQueue$Null'{0x00000000fff39608} (0xfff39608)
 - volatile 'next' 'Ljava/lang/ref/Reference;' @20  null (0x00000000)
 - private transient 'discovered' 'Ljava/lang/ref/Reference;' @24  null (0x00000000)
 - private 'timestamp' 'J' @32  12870247 (0x0000000000c46267)
stack at sp + 3 slots: 0x00007ffc833a2f29 jvm.dll
stack at sp + 4 slots: 0x0000000083625b98 is an oop: java.util.LinkedHashMap 
{0x0000000083625b98} - klass: 'java/util/LinkedHashMap'
 - ---- fields (total size 8 words):
 - transient 'keySet' 'Ljava/util/Set;' @12  null (0x00000000)
 - transient 'values' 'Ljava/util/Collection;' @16  null (0x00000000)
 - transient 'size' 'I' @20  1 (0x00000001)
 - transient 'modCount' 'I' @24  1 (0x00000001)
 - 'threshold' 'I' @28  12 (0x0000000c)
 - final 'loadFactor' 'F' @32  0.750000 (0x3f400000)
 - transient 'table' '[Ljava/util/HashMap$Node;' @36  a 'java/util/HashMap$Node'[16] {0x0000000083625bd8} (0x83625bd8)
 - transient 'entrySet' 'Ljava/util/Set;' @40  null (0x00000000)
 - transient 'putMode' 'I' @44  0 (0x00000000)
 - final 'accessOrder' 'Z' @48  false (0x00)
 - transient 'head' 'Ljava/util/LinkedHashMap$Entry;' @52  a 'java/util/LinkedHashMap$Entry'{0x0000000083625c28} (0x83625c28)
 - transient 'tail' 'Ljava/util/LinkedHashMap$Entry;' @56  a 'java/util/LinkedHashMap$Entry'{0x0000000083625c28} (0x83625c28)
stack at sp + 5 slots: 0x00007ffc833a2817 jvm.dll
stack at sp + 6 slots: 0x0000000083625b7c is pointing into object: java.lang.reflect.Constructor 
{0x0000000083625b50} - klass: 'java/lang/reflect/Constructor'
 - ---- fields (total size 9 words):
 - 'override' 'Z' @12  false (0x00)
 - volatile 'accessCheckCache' 'Ljava/lang/Object;' @16  null (0x00000000)
 - private transient 'parameterData' 'Ljava/lang/reflect/Executable$ParameterData;' @20  null (0x00000000)
 - private volatile transient 'declaredAnnotations' 'Ljava/util/Map;' @24  a 'java/util/LinkedHashMap'{0x0000000083625b98} (0x83625b98)
 - private final 'slot' 'I' @28  0 (0x00000000)
 - private final 'modifiers' 'I' @32  1 (0x00000001)
 - private final 'clazz' 'Ljava/lang/Class;' @36  a 'java/lang/Class'{0x00000000836259c8} = 'org/gradle/api/internal/artifacts/resolver/DefaultResolutionOutputs$DefaultArtifactViewConfiguration_Decorated' (0x836259c8)
 - private final 'parameterTypes' '[Ljava/lang/Class;' @40  a 'java/lang/Class'[1] {0x0000000083625cb8} (0x83625cb8)
 - private final 'exceptionTypes' '[Ljava/lang/Class;' @44  a 'java/lang/Class'[0] {0x00000000fff0a4b8} (0xfff0a4b8)
 - private final transient 'signature' 'Ljava/lang/String;' @48  "(Lorg/gradle/api/internal/attributes/AttributesFactory;)V"{0x0000000083625cd0} (0x83625cd0)
 - private volatile transient 'genericInfo' 'Lsun/reflect/generics/repository/ConstructorRepository;' @52  null (0x00000000)
 - private final 'annotations' '[B' @56  [B{0x0000000083625d38} (0x83625d38)
 - private final 'parameterAnnotations' '[B' @60  null (0x00000000)
 - private 'constructorAccessor' 'Ljdk/internal/reflect/ConstructorAccessor;' @64  a 'jdk/internal/reflect/DirectConstructorHandleAccessor'{0x0000000083625d50} (0x83625d50)
 - private 'root' 'Ljava/lang/reflect/Constructor;' @68  
[error occurred during error reporting (inspecting top of stack), id 0xc0000005, EXCEPTION_ACCESS_VIOLATION (0xc0000005) at pc=0x00007ffc83731dd2]
stack at sp + 7 slots: 0x0000001f29dff970 points into unknown readable memory: 0x00007ffc839e32f0 | f0 32 9e 83 fc 7f 00 00


---------------  P R O C E S S  ---------------

Threads class SMR info:
_java_thread_list=0x000001e5a661a8a0, length=70, elements={
0x000001e5878bbfd0, 0x000001e59f538c70, 0x000001e59f54a150, 0x000001e59f54abb0,
0x000001e59f53cd60, 0x000001e59f53d920, 0x000001e59f53e380, 0x000001e59f56ba40,
0x000001e59f56db90, 0x000001e59f571520, 0x000001e5a40e5e00, 0x000001e5a4ed1fe0,
0x000001e5a4ed3390, 0x000001e5a4ed2670, 0x000001e5a4ed4dd0, 0x000001e5a4ed40b0,
0x000001e5a4ed4740, 0x000001e5a4ed3a20, 0x000001e5a4ed5460, 0x000001e5a62453f0,
0x000001e5a6244d60, 0x000001e5a6245a80, 0x000001e5a62474c0, 0x000001e5a6246e30,
0x000001e5a62446d0, 0x000001e5a62481e0, 0x000001e5a6249590, 0x000001e5a6248f00,
0x000001e5a6249c20, 0x000001e5a6248870, 0x000001e5a62467a0, 0x000001e5a624a2b0,
0x000001e5a624a940, 0x000001e5a624afd0, 0x000001e5a624b660, 0x000001e5a4e6f4e0,
0x000001e5a4e6daa0, 0x000001e5a4e6e130, 0x000001e5a4e70890, 0x000001e5a4e6d410,
0x000001e5a4e6fb70, 0x000001e5a4e70f20, 0x000001e5a4e6ee50, 0x000001e5a4e6e7c0,
0x000001e5a4e71c40, 0x000001e5a4e722d0, 0x000001e5a4e70200, 0x000001e5a4e72960,
0x000001e5a4e72ff0, 0x000001e5a4e743a0, 0x000001e5a4e73680, 0x000001e5a4e74a30,
0x000001e5a688dfc0, 0x000001e5a688d2a0, 0x000001e5a688f370, 0x000001e5a688fa00,
0x000001e5a688d930, 0x000001e5a6890090, 0x000001e5a688ece0, 0x000001e5a688e650,
0x000001e5a688cc10, 0x000001e5a6893ba0, 0x000001e5a6890720, 0x000001e5a6892160,
0x000001e5a68927f0, 0x000001e5a6894230, 0x000001e5a6892e80, 0x000001e5a6893510,
0x000001e5a6890db0, 0x000001e5a6891ad0
}

Java Threads: ( => current thread )
  0x000001e5878bbfd0 JavaThread "main"                              [_thread_blocked, id=3184, stack(0x0000001f27c00000,0x0000001f27d00000) (1024K)]
  0x000001e59f538c70 JavaThread "Common-Cleaner"             daemon [_thread_blocked, id=10180, stack(0x0000001f28400000,0x0000001f28500000) (1024K)]
  0x000001e59f54a150 JavaThread "Reference Handler"          daemon [_thread_blocked, id=23136, stack(0x0000001f28500000,0x0000001f28600000) (1024K)]
  0x000001e59f54abb0 JavaThread "Finalizer"                  daemon [_thread_blocked, id=17616, stack(0x0000001f28600000,0x0000001f28700000) (1024K)]
  0x000001e59f53cd60 JavaThread "Signal Dispatcher"          daemon [_thread_blocked, id=23408, stack(0x0000001f28700000,0x0000001f28800000) (1024K)]
  0x000001e59f53d920 JavaThread "Attach Listener"            daemon [_thread_blocked, id=8572, stack(0x0000001f28800000,0x0000001f28900000) (1024K)]
  0x000001e59f53e380 JavaThread "Service Thread"             daemon [_thread_blocked, id=20164, stack(0x0000001f28900000,0x0000001f28a00000) (1024K)]
  0x000001e59f56ba40 JavaThread "Monitor Deflation Thread"   daemon [_thread_blocked, id=7148, stack(0x0000001f28a00000,0x0000001f28b00000) (1024K)]
  0x000001e59f56db90 JavaThread "C2 CompilerThread0"         daemon [_thread_in_native, id=23492, stack(0x0000001f28b00000,0x0000001f28c00000) (1024K)]
  0x000001e59f571520 JavaThread "C1 CompilerThread0"         daemon [_thread_in_native, id=22712, stack(0x0000001f28c00000,0x0000001f28d00000) (1024K)]
  0x000001e5a40e5e00 JavaThread "Notification Thread"        daemon [_thread_blocked, id=21112, stack(0x0000001f28d00000,0x0000001f28e00000) (1024K)]
  0x000001e5a4ed1fe0 JavaThread "Daemon health stats"               [_thread_blocked, id=22856, stack(0x0000001f28f00000,0x0000001f29000000) (1024K)]
  0x000001e5a4ed3390 JavaThread "Incoming local TCP Connector on port 58038"        [_thread_in_native, id=4196, stack(0x0000001f29500000,0x0000001f29600000) (1024K)]
  0x000001e5a4ed2670 JavaThread "Daemon periodic checks"            [_thread_blocked, id=23100, stack(0x0000001f29600000,0x0000001f29700000) (1024K)]
  0x000001e5a4ed4dd0 JavaThread "Daemon"                            [_thread_blocked, id=9788, stack(0x0000001f29700000,0x0000001f29800000) (1024K)]
  0x000001e5a4ed40b0 JavaThread "Handler for socket connection from /127.0.0.1:58038 to /127.0.0.1:58039"        [_thread_in_native, id=3492, stack(0x0000001f29800000,0x0000001f29900000) (1024K)]
  0x000001e5a4ed4740 JavaThread "Cancel handler"                    [_thread_blocked, id=5028, stack(0x0000001f29f00000,0x0000001f2a000000) (1024K)]
  0x000001e5a4ed3a20 JavaThread "Daemon worker"                     [_thread_in_Java, id=14204, stack(0x0000001f2a000000,0x0000001f2a100000) (1024K)]
  0x000001e5a4ed5460 JavaThread "Asynchronous log dispatcher for DefaultDaemonConnection: socket connection from /127.0.0.1:58038 to /127.0.0.1:58039"        [_thread_blocked, id=11640, stack(0x0000001f2a100000,0x0000001f2a200000) (1024K)]
  0x000001e5a62453f0 JavaThread "Stdin handler"                     [_thread_blocked, id=2212, stack(0x0000001f2a200000,0x0000001f2a300000) (1024K)]
  0x000001e5a6244d60 JavaThread "Daemon client event forwarder"        [_thread_blocked, id=13672, stack(0x0000001f2a300000,0x0000001f2a400000) (1024K)]
  0x000001e5a6245a80 JavaThread "Cache worker for journal cache (C:\Users\Pauline\.gradle\caches\journal-1)"        [_thread_blocked, id=22860, stack(0x0000001f2a400000,0x0000001f2a500000) (1024K)]
  0x000001e5a62474c0 JavaThread "File lock request listener"        [_thread_in_native, id=16960, stack(0x0000001f2a500000,0x0000001f2a600000) (1024K)]
  0x000001e5a6246e30 JavaThread "Cache worker for file hash cache (C:\Users\Pauline\.gradle\caches\9.3.1\fileHashes)"        [_thread_blocked, id=22708, stack(0x0000001f2a600000,0x0000001f2a700000) (1024K)]
  0x000001e5a62446d0 JavaThread "Cache worker for file hash cache (C:\Users\Pauline\AndroidStudioProjects\ApplicationVelib\.gradle\9.3.1\fileHashes)"        [_thread_blocked, id=3316, stack(0x0000001f28e00000,0x0000001f28f00000) (1024K)]
  0x000001e5a62481e0 JavaThread "Cache worker for Build Output Cleanup Cache (C:\Users\Pauline\AndroidStudioProjects\ApplicationVelib\.gradle\buildOutputCleanup)"        [_thread_blocked, id=10444, stack(0x0000001f2a700000,0x0000001f2a800000) (1024K)]
  0x000001e5a6249590 JavaThread "File watcher server"        daemon [_thread_in_native, id=5680, stack(0x0000001f27900000,0x0000001f27a00000) (1024K)]
  0x000001e5a6248f00 JavaThread "File watcher consumer"      daemon [_thread_blocked, id=6304, stack(0x0000001f27a00000,0x0000001f27b00000) (1024K)]
  0x000001e5a6249c20 JavaThread "jar transforms"                    [_thread_blocked, id=10492, stack(0x0000001f2a800000,0x0000001f2a900000) (1024K)]
  0x000001e5a6248870 JavaThread "jar transforms Thread 2"           [_thread_blocked, id=14612, stack(0x0000001f2a900000,0x0000001f2aa00000) (1024K)]
  0x000001e5a62467a0 JavaThread "jar transforms Thread 3"           [_thread_blocked, id=18728, stack(0x0000001f2aa00000,0x0000001f2ab00000) (1024K)]
  0x000001e5a624a2b0 JavaThread "jar transforms Thread 4"           [_thread_blocked, id=760, stack(0x0000001f2ab00000,0x0000001f2ac00000) (1024K)]
  0x000001e5a624a940 JavaThread "jar transforms Thread 5"           [_thread_blocked, id=23464, stack(0x0000001f2ac00000,0x0000001f2ad00000) (1024K)]
  0x000001e5a624afd0 JavaThread "jar transforms Thread 6"           [_thread_blocked, id=13200, stack(0x0000001f2ad00000,0x0000001f2ae00000) (1024K)]
  0x000001e5a624b660 JavaThread "jar transforms Thread 7"           [_thread_blocked, id=22912, stack(0x0000001f2ae00000,0x0000001f2af00000) (1024K)]
  0x000001e5a4e6f4e0 JavaThread "jar transforms Thread 8"           [_thread_blocked, id=10980, stack(0x0000001f2af00000,0x0000001f2b000000) (1024K)]
  0x000001e5a4e6daa0 JavaThread "jar transforms Thread 9"           [_thread_blocked, id=6476, stack(0x0000001f2b000000,0x0000001f2b100000) (1024K)]
  0x000001e5a4e6e130 JavaThread "jar transforms Thread 10"          [_thread_blocked, id=2960, stack(0x0000001f2b100000,0x0000001f2b200000) (1024K)]
  0x000001e5a4e70890 JavaThread "jar transforms Thread 11"          [_thread_blocked, id=15248, stack(0x0000001f2b200000,0x0000001f2b300000) (1024K)]
  0x000001e5a4e6d410 JavaThread "jar transforms Thread 12"          [_thread_blocked, id=22876, stack(0x0000001f2b300000,0x0000001f2b400000) (1024K)]
  0x000001e5a4e6fb70 JavaThread "Cache worker for checksums cache (C:\Users\Pauline\AndroidStudioProjects\ApplicationVelib\.gradle\9.3.1\checksums)"        [_thread_blocked, id=11712, stack(0x0000001f2b500000,0x0000001f2b600000) (1024K)]
  0x000001e5a4e70f20 JavaThread "Cache worker for file content cache (C:\Users\Pauline\.gradle\caches\9.3.1\fileContent)"        [_thread_blocked, id=1644, stack(0x0000001f2b400000,0x0000001f2b500000) (1024K)]
  0x000001e5a4e6ee50 JavaThread "Cache worker for cache directory md-supplier (C:\Users\Pauline\.gradle\caches\9.3.1\md-supplier)"        [_thread_blocked, id=14996, stack(0x0000001f2b600000,0x0000001f2b700000) (1024K)]
  0x000001e5a4e6e7c0 JavaThread "Cache worker for cache directory md-rule (C:\Users\Pauline\.gradle\caches\9.3.1\md-rule)"        [_thread_blocked, id=12316, stack(0x0000001f2b700000,0x0000001f2b800000) (1024K)]
  0x000001e5a4e71c40 JavaThread "Unconstrained build operations"        [_thread_blocked, id=23052, stack(0x0000001f2b900000,0x0000001f2ba00000) (1024K)]
  0x000001e5a4e722d0 JavaThread "Unconstrained build operations Thread 2"        [_thread_blocked, id=18756, stack(0x0000001f2ba00000,0x0000001f2bb00000) (1024K)]
  0x000001e5a4e70200 JavaThread "Unconstrained build operations Thread 3"        [_thread_blocked, id=7004, stack(0x0000001f2bb00000,0x0000001f2bc00000) (1024K)]
  0x000001e5a4e72960 JavaThread "Unconstrained build operations Thread 4"        [_thread_blocked, id=16076, stack(0x0000001f2bc00000,0x0000001f2bd00000) (1024K)]
  0x000001e5a4e72ff0 JavaThread "Unconstrained build operations Thread 5"        [_thread_blocked, id=15748, stack(0x0000001f2bd00000,0x0000001f2be00000) (1024K)]
  0x000001e5a4e743a0 JavaThread "Unconstrained build operations Thread 6"        [_thread_blocked, id=9952, stack(0x0000001f2be00000,0x0000001f2bf00000) (1024K)]
  0x000001e5a4e73680 JavaThread "Unconstrained build operations Thread 7"        [_thread_blocked, id=23060, stack(0x0000001f2bf00000,0x0000001f2c000000) (1024K)]
  0x000001e5a4e74a30 JavaThread "Unconstrained build operations Thread 8"        [_thread_blocked, id=10012, stack(0x0000001f2c000000,0x0000001f2c100000) (1024K)]
  0x000001e5a688dfc0 JavaThread "Unconstrained build operations Thread 9"        [_thread_blocked, id=17248, stack(0x0000001f2c100000,0x0000001f2c200000) (1024K)]
  0x000001e5a688d2a0 JavaThread "Unconstrained build operations Thread 10"        [_thread_blocked, id=10516, stack(0x0000001f2c200000,0x0000001f2c300000) (1024K)]
  0x000001e5a688f370 JavaThread "Unconstrained build operations Thread 11"        [_thread_blocked, id=14552, stack(0x0000001f2c300000,0x0000001f2c400000) (1024K)]
  0x000001e5a688fa00 JavaThread "Unconstrained build operations Thread 12"        [_thread_blocked, id=16620, stack(0x0000001f2c400000,0x0000001f2c500000) (1024K)]
  0x000001e5a688d930 JavaThread "Unconstrained build operations Thread 13"        [_thread_blocked, id=14756, stack(0x0000001f2c500000,0x0000001f2c600000) (1024K)]
  0x000001e5a6890090 JavaThread "Unconstrained build operations Thread 14"        [_thread_blocked, id=22884, stack(0x0000001f2c600000,0x0000001f2c700000) (1024K)]
  0x000001e5a688ece0 JavaThread "Unconstrained build operations Thread 15"        [_thread_blocked, id=14804, stack(0x0000001f2c700000,0x0000001f2c800000) (1024K)]
  0x000001e5a688e650 JavaThread "Unconstrained build operations Thread 16"        [_thread_blocked, id=9292, stack(0x0000001f2c800000,0x0000001f2c900000) (1024K)]
  0x000001e5a688cc10 JavaThread "Unconstrained build operations Thread 17"        [_thread_blocked, id=12512, stack(0x0000001f2c900000,0x0000001f2ca00000) (1024K)]
  0x000001e5a6893ba0 JavaThread "Unconstrained build operations Thread 18"        [_thread_blocked, id=4388, stack(0x0000001f2ca00000,0x0000001f2cb00000) (1024K)]
  0x000001e5a6890720 JavaThread "Unconstrained build operations Thread 19"        [_thread_blocked, id=22748, stack(0x0000001f2cb00000,0x0000001f2cc00000) (1024K)]
  0x000001e5a6892160 JavaThread "Unconstrained build operations Thread 20"        [_thread_blocked, id=17272, stack(0x0000001f2cc00000,0x0000001f2cd00000) (1024K)]
  0x000001e5a68927f0 JavaThread "Unconstrained build operations Thread 21"        [_thread_blocked, id=18216, stack(0x0000001f2cd00000,0x0000001f2ce00000) (1024K)]
  0x000001e5a6894230 JavaThread "Unconstrained build operations Thread 22"        [_thread_blocked, id=11500, stack(0x0000001f2ce00000,0x0000001f2cf00000) (1024K)]
  0x000001e5a6892e80 JavaThread "Unconstrained build operations Thread 23"        [_thread_blocked, id=4288, stack(0x0000001f2cf00000,0x0000001f2d000000) (1024K)]
  0x000001e5a6893510 JavaThread "Unconstrained build operations Thread 24"        [_thread_blocked, id=21556, stack(0x0000001f2d000000,0x0000001f2d100000) (1024K)]
  0x000001e5a6890db0 JavaThread "Unconstrained build operations Thread 25"        [_thread_blocked, id=19284, stack(0x0000001f2d100000,0x0000001f2d200000) (1024K)]
  0x000001e5a6891ad0 JavaThread "Unconstrained build operations Thread 26"        [_thread_blocked, id=14828, stack(0x0000001f2d200000,0x0000001f2d300000) (1024K)]
Total: 70

Other Threads:
  0x000001e59f426750 VMThread "VM Thread"                           [id=22892, stack(0x0000001f28300000,0x0000001f28400000) (1024K)]
  0x000001e59f4b19e0 WatcherThread "VM Periodic Task Thread"        [id=9816, stack(0x0000001f28200000,0x0000001f28300000) (1024K)]
  0x000001e587915b20 WorkerThread "GC Thread#0"                     [id=22124, stack(0x0000001f27d00000,0x0000001f27e00000) (1024K)]
  0x000001e59f426b00 WorkerThread "GC Thread#1"                     [id=720, stack(0x0000001f29000000,0x0000001f29100000) (1024K)]
  0x000001e59f425c40 WorkerThread "GC Thread#2"                     [id=21412, stack(0x0000001f29100000,0x0000001f29200000) (1024K)]
  0x000001e59f426eb0 WorkerThread "GC Thread#3"                     [id=13516, stack(0x0000001f29200000,0x0000001f29300000) (1024K)]
  0x000001e59f425ff0 WorkerThread "GC Thread#4"                     [id=19048, stack(0x0000001f29300000,0x0000001f29400000) (1024K)]
  0x000001e59f427260 WorkerThread "GC Thread#5"                     [id=23348, stack(0x0000001f29400000,0x0000001f29500000) (1024K)]
  0x000001e5a4b20850 WorkerThread "GC Thread#6"                     [id=14308, stack(0x0000001f29900000,0x0000001f29a00000) (1024K)]
  0x000001e5a4b23840 WorkerThread "GC Thread#7"                     [id=23392, stack(0x0000001f29a00000,0x0000001f29b00000) (1024K)]
  0x000001e5a4b22d30 WorkerThread "GC Thread#8"                     [id=5600, stack(0x0000001f29b00000,0x0000001f29c00000) (1024K)]
  0x000001e5a4b21710 WorkerThread "GC Thread#9"                     [id=12276, stack(0x0000001f29c00000,0x0000001f29d00000) (1024K)]
  0x000001e587926a20 ConcurrentGCThread "G1 Main Marker"            [id=22744, stack(0x0000001f27e00000,0x0000001f27f00000) (1024K)]
  0x000001e587928280 WorkerThread "G1 Conc#0"                       [id=11732, stack(0x0000001f27f00000,0x0000001f28000000) (1024K)]
=>0x000001e5a4b21ac0 WorkerThread "G1 Conc#1"                       [id=5108, stack(0x0000001f29d00000,0x0000001f29e00000) (1024K)]
  0x000001e5a4b1fd40 WorkerThread "G1 Conc#2"                       [id=22144, stack(0x0000001f29e00000,0x0000001f29f00000) (1024K)]
  0x000001e59f32de10 ConcurrentGCThread "G1 Refine#0"               [id=9832, stack(0x0000001f28000000,0x0000001f28100000) (1024K)]
  0x000001e59f32e740 ConcurrentGCThread "G1 Service"                [id=8788, stack(0x0000001f28100000,0x0000001f28200000) (1024K)]
Total: 18

Threads with active compile tasks:
C2 CompilerThread0  76837 6252       4       org.gradle.internal.snapshot.ChildMap$Entry::handleAncestorDescendantOrExactMatch (110 bytes)
Total: 1

VM state: not at safepoint (normal execution)

VM Mutex/Monitor currently owned by a thread: None

Heap address: 0x0000000080000000, size: 2048 MB, Compressed Oops mode: 32-bit

CDS archive(s) not mapped
Compressed class space mapped at: 0x0000000100000000-0x0000000140000000, reserved size: 1073741824
Narrow klass base: 0x0000000000000000, Narrow klass shift: 3, Narrow klass range: 0x140000000

GC Precious Log:
 CardTable entry size: 512
 Card Set container configuration: InlinePtr #cards 5 size 8 Array Of Cards #cards 12 size 40 Howl #buckets 4 coarsen threshold 1843 Howl Bitmap #cards 512 size 80 coarsen threshold 460 Card regions per heap region 1 cards per card region 2048
 CPUs: 12 total, 12 available
 Memory: 16077M
 Large Page Support: Disabled
 NUMA Support: Disabled
 Compressed Oops: Enabled (32-bit)
 Heap Region Size: 1M
 Heap Min Capacity: 8M
 Heap Initial Capacity: 252M
 Heap Max Capacity: 2G
 Pre-touch: Disabled
 Parallel Workers: 10
 Concurrent Workers: 3
 Concurrent Refinement Workers: 10
 Periodic GC: Disabled

Heap:
 garbage-first heap   total 124928K, used 94171K [0x0000000080000000, 0x0000000100000000)
  region size 1024K, 27 young (27648K), 5 survivors (5120K)
 Metaspace       used 59084K, committed 60800K, reserved 1114112K
  class space    used 8359K, committed 9216K, reserved 1048576K

Heap Regions: E=young(eden), S=young(survivor), O=old, HS=humongous(starts), HC=humongous(continues), CS=collection set, F=free, TAMS=top-at-mark-start, PB=parsable bottom
|   0|0x0000000080000000, 0x0000000080100000, 0x0000000080100000|100%|HS|  |TAMS 0x0000000080100000| PB 0x0000000080000000| Complete 
|   1|0x0000000080100000, 0x0000000080200000, 0x0000000080200000|100%|HC|  |TAMS 0x0000000080200000| PB 0x0000000080100000| Complete 
|   2|0x0000000080200000, 0x0000000080300000, 0x0000000080300000|100%|HC|  |TAMS 0x0000000080300000| PB 0x0000000080200000| Complete 
|   3|0x0000000080300000, 0x0000000080400000, 0x0000000080400000|100%|HC|  |TAMS 0x0000000080400000| PB 0x0000000080300000| Complete 
|   4|0x0000000080400000, 0x0000000080500000, 0x0000000080500000|100%| O|  |TAMS 0x0000000080500000| PB 0x0000000080400000| Untracked 
|   5|0x0000000080500000, 0x0000000080600000, 0x0000000080600000|100%| O|  |TAMS 0x0000000080600000| PB 0x0000000080500000| Untracked 
|   6|0x0000000080600000, 0x0000000080700000, 0x0000000080700000|100%| O|  |TAMS 0x0000000080700000| PB 0x0000000080600000| Untracked 
|   7|0x0000000080700000, 0x0000000080800000, 0x0000000080800000|100%|HS|  |TAMS 0x0000000080800000| PB 0x0000000080700000| Complete 
|   8|0x0000000080800000, 0x0000000080900000, 0x0000000080900000|100%| O|  |TAMS 0x0000000080900000| PB 0x0000000080800000| Untracked 
|   9|0x0000000080900000, 0x0000000080a00000, 0x0000000080a00000|100%| O|  |TAMS 0x0000000080a00000| PB 0x0000000080900000| Untracked 
|  10|0x0000000080a00000, 0x0000000080b00000, 0x0000000080b00000|100%| O|  |TAMS 0x0000000080b00000| PB 0x0000000080a00000| Untracked 
|  11|0x0000000080b00000, 0x0000000080c00000, 0x0000000080c00000|100%| O|  |TAMS 0x0000000080c00000| PB 0x0000000080b00000| Untracked 
|  12|0x0000000080c00000, 0x0000000080d00000, 0x0000000080d00000|100%| O|  |TAMS 0x0000000080d00000| PB 0x0000000080c00000| Untracked 
|  13|0x0000000080d00000, 0x0000000080e00000, 0x0000000080e00000|100%| O|  |TAMS 0x0000000080e00000| PB 0x0000000080d00000| Untracked 
|  14|0x0000000080e00000, 0x0000000080f00000, 0x0000000080f00000|100%| O|  |TAMS 0x0000000080f00000| PB 0x0000000080e00000| Untracked 
|  15|0x0000000080f00000, 0x0000000081000000, 0x0000000081000000|100%| O|  |TAMS 0x0000000081000000| PB 0x0000000080f00000| Untracked 
|  16|0x0000000081000000, 0x0000000081100000, 0x0000000081100000|100%| O|  |TAMS 0x0000000081100000| PB 0x0000000081000000| Untracked 
|  17|0x0000000081100000, 0x0000000081200000, 0x0000000081200000|100%| O|  |TAMS 0x0000000081200000| PB 0x0000000081100000| Untracked 
|  18|0x0000000081200000, 0x0000000081300000, 0x0000000081300000|100%| O|  |TAMS 0x0000000081300000| PB 0x0000000081200000| Untracked 
|  19|0x0000000081300000, 0x0000000081400000, 0x0000000081400000|100%|HS|  |TAMS 0x0000000081400000| PB 0x0000000081300000| Complete 
|  20|0x0000000081400000, 0x0000000081500000, 0x0000000081500000|100%|HC|  |TAMS 0x0000000081500000| PB 0x0000000081400000| Complete 
|  21|0x0000000081500000, 0x0000000081600000, 0x0000000081600000|100%|HC|  |TAMS 0x0000000081600000| PB 0x0000000081500000| Complete 
|  22|0x0000000081600000, 0x0000000081700000, 0x0000000081700000|100%|HC|  |TAMS 0x0000000081700000| PB 0x0000000081600000| Complete 
|  23|0x0000000081700000, 0x0000000081800000, 0x0000000081800000|100%|HC|  |TAMS 0x0000000081800000| PB 0x0000000081700000| Complete 
|  24|0x0000000081800000, 0x0000000081900000, 0x0000000081900000|100%|HC|  |TAMS 0x0000000081900000| PB 0x0000000081800000| Complete 
|  25|0x0000000081900000, 0x0000000081a00000, 0x0000000081a00000|100%|HS|  |TAMS 0x0000000081a00000| PB 0x0000000081900000| Complete 
|  26|0x0000000081a00000, 0x0000000081b00000, 0x0000000081b00000|100%|HC|  |TAMS 0x0000000081b00000| PB 0x0000000081a00000| Complete 
|  27|0x0000000081b00000, 0x0000000081c00000, 0x0000000081c00000|100%|HS|  |TAMS 0x0000000081c00000| PB 0x0000000081b00000| Complete 
|  28|0x0000000081c00000, 0x0000000081d00000, 0x0000000081d00000|100%|HS|  |TAMS 0x0000000081d00000| PB 0x0000000081c00000| Complete 
|  29|0x0000000081d00000, 0x0000000081e00000, 0x0000000081e00000|100%|HC|  |TAMS 0x0000000081e00000| PB 0x0000000081d00000| Complete 
|  30|0x0000000081e00000, 0x0000000081f00000, 0x0000000081f00000|100%|HC|  |TAMS 0x0000000081f00000| PB 0x0000000081e00000| Complete 
|  31|0x0000000081f00000, 0x0000000082000000, 0x0000000082000000|100%|HC|  |TAMS 0x0000000082000000| PB 0x0000000081f00000| Complete 
|  32|0x0000000082000000, 0x0000000082100000, 0x0000000082100000|100%|HC|  |TAMS 0x0000000082100000| PB 0x0000000082000000| Complete 
|  33|0x0000000082100000, 0x0000000082200000, 0x0000000082200000|100%|HC|  |TAMS 0x0000000082200000| PB 0x0000000082100000| Complete 
|  34|0x0000000082200000, 0x0000000082300000, 0x0000000082300000|100%|HS|  |TAMS 0x0000000082300000| PB 0x0000000082200000| Complete 
|  35|0x0000000082300000, 0x0000000082400000, 0x0000000082400000|100%|HC|  |TAMS 0x0000000082400000| PB 0x0000000082300000| Complete 
|  36|0x0000000082400000, 0x0000000082500000, 0x0000000082500000|100%|HS|  |TAMS 0x0000000082500000| PB 0x0000000082400000| Complete 
|  37|0x0000000082500000, 0x0000000082600000, 0x0000000082600000|100%| O|  |TAMS 0x0000000082600000| PB 0x0000000082500000| Untracked 
|  38|0x0000000082600000, 0x0000000082700000, 0x0000000082700000|100%| O|  |TAMS 0x0000000082700000| PB 0x0000000082600000| Untracked 
|  39|0x0000000082700000, 0x0000000082800000, 0x0000000082800000|100%| O|  |TAMS 0x0000000082800000| PB 0x0000000082700000| Untracked 
|  40|0x0000000082800000, 0x0000000082900000, 0x0000000082900000|100%| O|  |TAMS 0x0000000082900000| PB 0x0000000082800000| Untracked 
|  41|0x0000000082900000, 0x0000000082a00000, 0x0000000082a00000|100%| O|  |TAMS 0x0000000082a00000| PB 0x0000000082900000| Untracked 
|  42|0x0000000082a00000, 0x0000000082b00000, 0x0000000082b00000|100%| O|  |TAMS 0x0000000082b00000| PB 0x0000000082a00000| Untracked 
|  43|0x0000000082b00000, 0x0000000082c00000, 0x0000000082c00000|100%| O|  |TAMS 0x0000000082c00000| PB 0x0000000082b00000| Untracked 
|  44|0x0000000082c00000, 0x0000000082d00000, 0x0000000082d00000|100%| O|  |TAMS 0x0000000082d00000| PB 0x0000000082c00000| Untracked 
|  45|0x0000000082d00000, 0x0000000082e00000, 0x0000000082e00000|100%| O|  |TAMS 0x0000000082e00000| PB 0x0000000082d00000| Untracked 
|  46|0x0000000082e00000, 0x0000000082f00000, 0x0000000082f00000|100%| O|  |TAMS 0x0000000082f00000| PB 0x0000000082e00000| Untracked 
|  47|0x0000000082f00000, 0x0000000083000000, 0x0000000083000000|100%| O|  |TAMS 0x0000000083000000| PB 0x0000000082f00000| Untracked 
|  48|0x0000000083000000, 0x0000000083100000, 0x0000000083100000|100%| O|  |TAMS 0x0000000083100000| PB 0x0000000083000000| Untracked 
|  49|0x0000000083100000, 0x0000000083200000, 0x0000000083200000|100%|HS|  |TAMS 0x0000000083200000| PB 0x0000000083100000| Complete 
|  50|0x0000000083200000, 0x0000000083300000, 0x0000000083300000|100%|HC|  |TAMS 0x0000000083300000| PB 0x0000000083200000| Complete 
|  51|0x0000000083300000, 0x0000000083400000, 0x0000000083400000|100%| O|  |TAMS 0x0000000083367400| PB 0x0000000083300000| Untracked 
|  52|0x0000000083400000, 0x0000000083500000, 0x0000000083500000|100%| O|  |TAMS 0x0000000083400000| PB 0x0000000083400000| Untracked 
|  53|0x0000000083500000, 0x0000000083600000, 0x0000000083600000|100%| O|  |TAMS 0x0000000083500000| PB 0x0000000083500000| Untracked 
|  54|0x0000000083600000, 0x0000000083700000, 0x0000000083700000|100%| O|  |TAMS 0x0000000083600000| PB 0x0000000083600000| Untracked 
|  55|0x0000000083700000, 0x0000000083800000, 0x0000000083800000|100%| O|  |TAMS 0x0000000083700000| PB 0x0000000083700000| Untracked 
|  56|0x0000000083800000, 0x0000000083800000, 0x0000000083900000|  0%| F|  |TAMS 0x0000000083800000| PB 0x0000000083800000| Untracked 
|  57|0x0000000083900000, 0x0000000083900000, 0x0000000083a00000|  0%| F|  |TAMS 0x0000000083900000| PB 0x0000000083900000| Untracked 
|  58|0x0000000083a00000, 0x0000000083a00000, 0x0000000083b00000|  0%| F|  |TAMS 0x0000000083a00000| PB 0x0000000083a00000| Untracked 
|  59|0x0000000083b00000, 0x0000000083c00000, 0x0000000083c00000|100%| O|  |TAMS 0x0000000083b00000| PB 0x0000000083b00000| Untracked 
|  60|0x0000000083c00000, 0x0000000083d00000, 0x0000000083d00000|100%| O|  |TAMS 0x0000000083c00000| PB 0x0000000083c00000| Untracked 
|  61|0x0000000083d00000, 0x0000000083d00000, 0x0000000083e00000|  0%| F|  |TAMS 0x0000000083d00000| PB 0x0000000083d00000| Untracked 
|  62|0x0000000083e00000, 0x0000000083e00000, 0x0000000083f00000|  0%| F|  |TAMS 0x0000000083e00000| PB 0x0000000083e00000| Untracked 
|  63|0x0000000083f00000, 0x0000000083f00000, 0x0000000084000000|  0%| F|  |TAMS 0x0000000083f00000| PB 0x0000000083f00000| Untracked 
|  64|0x0000000084000000, 0x0000000084000000, 0x0000000084100000|  0%| F|  |TAMS 0x0000000084000000| PB 0x0000000084000000| Untracked 
|  65|0x0000000084100000, 0x0000000084144fd0, 0x0000000084200000| 26%| O|  |TAMS 0x0000000084100000| PB 0x0000000084100000| Untracked 
|  66|0x0000000084200000, 0x0000000084200000, 0x0000000084300000|  0%| F|  |TAMS 0x0000000084200000| PB 0x0000000084200000| Untracked 
|  67|0x0000000084300000, 0x00000000843b1e10, 0x0000000084400000| 69%| S|CS|TAMS 0x0000000084300000| PB 0x0000000084300000| Complete 
|  68|0x0000000084400000, 0x0000000084500000, 0x0000000084500000|100%| S|CS|TAMS 0x0000000084400000| PB 0x0000000084400000| Complete 
|  69|0x0000000084500000, 0x0000000084600000, 0x0000000084600000|100%| S|CS|TAMS 0x0000000084500000| PB 0x0000000084500000| Complete 
|  70|0x0000000084600000, 0x0000000084700000, 0x0000000084700000|100%| S|CS|TAMS 0x0000000084600000| PB 0x0000000084600000| Complete 
|  71|0x0000000084700000, 0x0000000084800000, 0x0000000084800000|100%| S|CS|TAMS 0x0000000084700000| PB 0x0000000084700000| Complete 
|  72|0x0000000084800000, 0x0000000084800000, 0x0000000084900000|  0%| F|  |TAMS 0x0000000084800000| PB 0x0000000084800000| Untracked 
|  73|0x0000000084900000, 0x0000000084900000, 0x0000000084a00000|  0%| F|  |TAMS 0x0000000084900000| PB 0x0000000084900000| Untracked 
|  74|0x0000000084a00000, 0x0000000084a00000, 0x0000000084b00000|  0%| F|  |TAMS 0x0000000084a00000| PB 0x0000000084a00000| Untracked 
|  75|0x0000000084b00000, 0x0000000084b00000, 0x0000000084c00000|  0%| F|  |TAMS 0x0000000084b00000| PB 0x0000000084b00000| Untracked 
|  76|0x0000000084c00000, 0x0000000084c00000, 0x0000000084d00000|  0%| F|  |TAMS 0x0000000084c00000| PB 0x0000000084c00000| Untracked 
|  77|0x0000000084d00000, 0x0000000084d00000, 0x0000000084e00000|  0%| F|  |TAMS 0x0000000084d00000| PB 0x0000000084d00000| Untracked 
|  78|0x0000000084e00000, 0x0000000084e00000, 0x0000000084f00000|  0%| F|  |TAMS 0x0000000084e00000| PB 0x0000000084e00000| Untracked 
|  79|0x0000000084f00000, 0x0000000084f00000, 0x0000000085000000|  0%| F|  |TAMS 0x0000000084f00000| PB 0x0000000084f00000| Untracked 
|  80|0x0000000085000000, 0x0000000085000000, 0x0000000085100000|  0%| F|  |TAMS 0x0000000085000000| PB 0x0000000085000000| Untracked 
|  81|0x0000000085100000, 0x0000000085100000, 0x0000000085200000|  0%| F|  |TAMS 0x0000000085100000| PB 0x0000000085100000| Untracked 
|  82|0x0000000085200000, 0x0000000085200000, 0x0000000085300000|  0%| F|  |TAMS 0x0000000085200000| PB 0x0000000085200000| Untracked 
|  83|0x0000000085300000, 0x0000000085300000, 0x0000000085400000|  0%| F|  |TAMS 0x0000000085300000| PB 0x0000000085300000| Untracked 
|  84|0x0000000085400000, 0x0000000085400000, 0x0000000085500000|  0%| F|  |TAMS 0x0000000085400000| PB 0x0000000085400000| Untracked 
|  85|0x0000000085500000, 0x0000000085500000, 0x0000000085600000|  0%| F|  |TAMS 0x0000000085500000| PB 0x0000000085500000| Untracked 
|  86|0x0000000085600000, 0x0000000085600000, 0x0000000085700000|  0%| F|  |TAMS 0x0000000085600000| PB 0x0000000085600000| Untracked 
|  87|0x0000000085700000, 0x0000000085700000, 0x0000000085800000|  0%| F|  |TAMS 0x0000000085700000| PB 0x0000000085700000| Untracked 
|  88|0x0000000085800000, 0x0000000085800000, 0x0000000085900000|  0%| F|  |TAMS 0x0000000085800000| PB 0x0000000085800000| Untracked 
|  89|0x0000000085900000, 0x0000000085900000, 0x0000000085a00000|  0%| F|  |TAMS 0x0000000085900000| PB 0x0000000085900000| Untracked 
|  90|0x0000000085a00000, 0x0000000085a00000, 0x0000000085b00000|  0%| F|  |TAMS 0x0000000085a00000| PB 0x0000000085a00000| Untracked 
|  91|0x0000000085b00000, 0x0000000085b00000, 0x0000000085c00000|  0%| F|  |TAMS 0x0000000085b00000| PB 0x0000000085b00000| Untracked 
|  92|0x0000000085c00000, 0x0000000085cfa940, 0x0000000085d00000| 97%| E|  |TAMS 0x0000000085c00000| PB 0x0000000085c00000| Complete 
|  93|0x0000000085d00000, 0x0000000085e00000, 0x0000000085e00000|100%| E|CS|TAMS 0x0000000085d00000| PB 0x0000000085d00000| Complete 
|  94|0x0000000085e00000, 0x0000000085f00000, 0x0000000085f00000|100%| E|CS|TAMS 0x0000000085e00000| PB 0x0000000085e00000| Complete 
|  95|0x0000000085f00000, 0x0000000086000000, 0x0000000086000000|100%| E|CS|TAMS 0x0000000085f00000| PB 0x0000000085f00000| Complete 
|  96|0x0000000086000000, 0x0000000086100000, 0x0000000086100000|100%| E|CS|TAMS 0x0000000086000000| PB 0x0000000086000000| Complete 
|  97|0x0000000086100000, 0x0000000086200000, 0x0000000086200000|100%| E|CS|TAMS 0x0000000086100000| PB 0x0000000086100000| Complete 
|  98|0x0000000086200000, 0x0000000086300000, 0x0000000086300000|100%| E|CS|TAMS 0x0000000086200000| PB 0x0000000086200000| Complete 
|  99|0x0000000086300000, 0x0000000086400000, 0x0000000086400000|100%| E|CS|TAMS 0x0000000086300000| PB 0x0000000086300000| Complete 
| 100|0x0000000086400000, 0x0000000086500000, 0x0000000086500000|100%| E|CS|TAMS 0x0000000086400000| PB 0x0000000086400000| Complete 
| 101|0x0000000086500000, 0x0000000086600000, 0x0000000086600000|100%| E|CS|TAMS 0x0000000086500000| PB 0x0000000086500000| Complete 
| 102|0x0000000086600000, 0x0000000086700000, 0x0000000086700000|100%| E|CS|TAMS 0x0000000086600000| PB 0x0000000086600000| Complete 
| 103|0x0000000086700000, 0x0000000086800000, 0x0000000086800000|100%| E|CS|TAMS 0x0000000086700000| PB 0x0000000086700000| Complete 
| 104|0x0000000086800000, 0x0000000086900000, 0x0000000086900000|100%| E|CS|TAMS 0x0000000086800000| PB 0x0000000086800000| Complete 
| 105|0x0000000086900000, 0x0000000086a00000, 0x0000000086a00000|100%| E|CS|TAMS 0x0000000086900000| PB 0x0000000086900000| Complete 
| 106|0x0000000086a00000, 0x0000000086b00000, 0x0000000086b00000|100%| E|CS|TAMS 0x0000000086a00000| PB 0x0000000086a00000| Complete 
| 107|0x0000000086b00000, 0x0000000086c00000, 0x0000000086c00000|100%| E|CS|TAMS 0x0000000086b00000| PB 0x0000000086b00000| Complete 
| 108|0x0000000086c00000, 0x0000000086d00000, 0x0000000086d00000|100%| E|CS|TAMS 0x0000000086c00000| PB 0x0000000086c00000| Complete 
| 109|0x0000000086d00000, 0x0000000086e00000, 0x0000000086e00000|100%| E|CS|TAMS 0x0000000086d00000| PB 0x0000000086d00000| Complete 
| 110|0x0000000086e00000, 0x0000000086f00000, 0x0000000086f00000|100%| E|CS|TAMS 0x0000000086e00000| PB 0x0000000086e00000| Complete 
| 111|0x0000000086f00000, 0x0000000087000000, 0x0000000087000000|100%| E|CS|TAMS 0x0000000086f00000| PB 0x0000000086f00000| Complete 
| 251|0x000000008fb00000, 0x000000008fc00000, 0x000000008fc00000|100%| E|CS|TAMS 0x000000008fb00000| PB 0x000000008fb00000| Complete 
|2039|0x00000000ff700000, 0x00000000ff800000, 0x00000000ff800000|100%| O|  |TAMS 0x00000000ff800000| PB 0x00000000ff700000| Untracked 
|2040|0x00000000ff800000, 0x00000000ff900000, 0x00000000ff900000|100%| O|  |TAMS 0x00000000ff900000| PB 0x00000000ff800000| Untracked 
|2041|0x00000000ff900000, 0x00000000ffa00000, 0x00000000ffa00000|100%| E|CS|TAMS 0x00000000ff900000| PB 0x00000000ff900000| Complete 
|2042|0x00000000ffa00000, 0x00000000ffb00000, 0x00000000ffb00000|100%| O|  |TAMS 0x00000000ffb00000| PB 0x00000000ffa00000| Untracked 
|2043|0x00000000ffb00000, 0x00000000ffc00000, 0x00000000ffc00000|100%| O|  |TAMS 0x00000000ffc00000| PB 0x00000000ffb00000| Untracked 
|2044|0x00000000ffc00000, 0x00000000ffd00000, 0x00000000ffd00000|100%| O|  |TAMS 0x00000000ffd00000| PB 0x00000000ffc00000| Untracked 
|2045|0x00000000ffd00000, 0x00000000ffe00000, 0x00000000ffe00000|100%| O|  |TAMS 0x00000000ffe00000| PB 0x00000000ffd00000| Untracked 
|2046|0x00000000ffe00000, 0x00000000fff00000, 0x00000000fff00000|100%| O|  |TAMS 0x00000000fff00000| PB 0x00000000ffe00000| Untracked 
|2047|0x00000000fff00000, 0x0000000100000000, 0x0000000100000000|100%| O|  |TAMS 0x0000000100000000| PB 0x00000000fff00000| Untracked 

Card table byte_map: [0x000001e59a370000,0x000001e59a770000] _byte_map_base: 0x000001e599f70000

Marking Bits: (CMBitMap*) 0x000001e587916140
 Bits: [0x000001e59a770000, 0x000001e59c770000)

Polling page: 0x000001e5856e0000

Metaspace:

Usage:
  Non-class:     49.55 MB used.
      Class:      8.17 MB used.
       Both:     57.71 MB used.

Virtual space:
  Non-class space:       64.00 MB reserved,      50.38 MB ( 79%) committed,  1 nodes.
      Class space:        1.00 GB reserved,       9.00 MB ( <1%) committed,  1 nodes.
             Both:        1.06 GB reserved,      59.38 MB (  5%) committed. 

Chunk freelists:
   Non-Class:  13.38 MB
       Class:  6.98 MB
        Both:  20.36 MB

MaxMetaspaceSize: unlimited
CompressedClassSpaceSize: 1.00 GB
Initial GC threshold: 21.00 MB
Current GC threshold: 82.81 MB
CDS: off
 - commit_granule_bytes: 65536.
 - commit_granule_words: 8192.
 - virtual_space_node_default_size: 8388608.
 - enlarge_chunks_in_place: 1.
 - use_allocation_guard: 0.


Internal statistics:

num_allocs_failed_limit: 9.
num_arena_births: 3178.
num_arena_deaths: 0.
num_vsnodes_births: 2.
num_vsnodes_deaths: 0.
num_space_committed: 950.
num_space_uncommitted: 0.
num_chunks_returned_to_freelist: 9.
num_chunks_taken_from_freelist: 5677.
num_chunk_merges: 6.
num_chunk_splits: 3629.
num_chunks_enlarged: 2154.
num_inconsistent_stats: 0.

CodeHeap 'non-profiled nmethods': size=120000Kb used=3850Kb max_used=3850Kb free=116149Kb
 bounds [0x000001e5924f0000, 0x000001e5928c0000, 0x000001e599a20000]
CodeHeap 'profiled nmethods': size=120000Kb used=10775Kb max_used=10775Kb free=109224Kb
 bounds [0x000001e58aa20000, 0x000001e58b4b0000, 0x000001e591f50000]
CodeHeap 'non-nmethods': size=5760Kb used=1853Kb max_used=1896Kb free=3906Kb
 bounds [0x000001e591f50000, 0x000001e5921c0000, 0x000001e5924f0000]
CodeCache: size=245760Kb, used=16478Kb, max_used=16521Kb, free=229279Kb
 total_blobs=6357, nmethods=5613, adapters=648, full_count=0
Compilation: enabled, stopped_count=0, restarted_count=0

Compilation events (20 events):
Event: 76.633 Thread 0x000001e59f56db90 6216 %     4       java.io.File::listFiles @ 22 (52 bytes)
Event: 76.647 Thread 0x000001e59f56db90 nmethod 6216% 0x000001e5928ac490 code [0x000001e5928ac660, 0x000001e5928acbf0]
Event: 76.652 Thread 0x000001e59f56db90 6217       4       org.gradle.internal.classpath.DefaultClassPath$ImmutableUniqueList::get (57 bytes)
Event: 76.654 Thread 0x000001e59f56db90 nmethod 6217 0x000001e5928acf10 code [0x000001e5928ad0a0, 0x000001e5928ad190]
Event: 76.654 Thread 0x000001e59f56db90 6218       4       java.util.AbstractList$Itr::hasNext (20 bytes)
Event: 76.654 Thread 0x000001e59f571520 6220       3       java.util.LinkedHashMap::keysToArray (7 bytes)
Event: 76.655 Thread 0x000001e59f571520 nmethod 6220 0x000001e58b495290 code [0x000001e58b495440, 0x000001e58b495580]
Event: 76.655 Thread 0x000001e59f56db90 nmethod 6218 0x000001e5928ad290 code [0x000001e5928ad420, 0x000001e5928ad4e8]
Event: 76.655 Thread 0x000001e59f56db90 6219   !   4       java.util.AbstractList$Itr::next (46 bytes)
Event: 76.657 Thread 0x000001e59f56db90 nmethod 6219 0x000001e5928ad590 code [0x000001e5928ad740, 0x000001e5928ad8a8]
Event: 76.660 Thread 0x000001e59f56db90 6221 %     4       java.util.LinkedHashMap::keysToArray @ 51 (80 bytes)
Event: 76.669 Thread 0x000001e59f56db90 nmethod 6221% 0x000001e5928ada10 code [0x000001e5928adba0, 0x000001e5928ade70]
Event: 76.674 Thread 0x000001e59f56db90 6222       4       java.util.LinkedHashMap::keysToArray (80 bytes)
Event: 76.681 Thread 0x000001e59f56db90 nmethod 6222 0x000001e5928adf90 code [0x000001e5928ae120, 0x000001e5928ae360]
Event: 76.689 Thread 0x000001e59f571520 6223   !   3       java.lang.ref.ReferenceQueue::remove (61 bytes)
Event: 76.691 Thread 0x000001e59f571520 nmethod 6223 0x000001e58b495610 code [0x000001e58b4958a0, 0x000001e58b4963e0]
Event: 76.691 Thread 0x000001e59f571520 6224       3       java.lang.ref.ReferenceQueue::remove0 (64 bytes)
Event: 76.691 Thread 0x000001e59f571520 nmethod 6224 0x000001e58b496790 code [0x000001e58b4969a0, 0x000001e58b496e10]
Event: 76.691 Thread 0x000001e59f571520 6225   !   3       java.io.NioChannelCleanable::performCleanup (24 bytes)
Event: 76.692 Thread 0x000001e59f571520 nmethod 6225 0x000001e58b496f90 code [0x000001e58b497160, 0x000001e58b4974c0]

GC Heap History (20 events):
Event: 2.505 GC heap before
{Heap before GC invocations=2 (full 0):
 garbage-first heap   total 258048K, used 162017K [0x0000000080000000, 0x0000000100000000)
  region size 1024K, 151 young (154624K), 5 survivors (5120K)
 Metaspace       used 21212K, committed 21504K, reserved 1114112K
  class space    used 2490K, committed 2624K, reserved 1048576K
}
Event: 2.518 GC heap after
{Heap after GC invocations=3 (full 0):
 garbage-first heap   total 258048K, used 20969K [0x0000000080000000, 0x0000000100000000)
  region size 1024K, 14 young (14336K), 14 survivors (14336K)
 Metaspace       used 21212K, committed 21504K, reserved 1114112K
  class space    used 2490K, committed 2624K, reserved 1048576K
}
Event: 3.852 GC heap before
{Heap before GC invocations=4 (full 0):
 garbage-first heap   total 75776K, used 73193K [0x0000000080000000, 0x0000000100000000)
  region size 1024K, 64 young (65536K), 14 survivors (14336K)
 Metaspace       used 29981K, committed 30464K, reserved 1114112K
  class space    used 3730K, committed 3904K, reserved 1048576K
}
Event: 3.876 GC heap after
{Heap after GC invocations=5 (full 0):
 garbage-first heap   total 92160K, used 23578K [0x0000000080000000, 0x0000000100000000)
  region size 1024K, 11 young (11264K), 11 survivors (11264K)
 Metaspace       used 29981K, committed 30464K, reserved 1114112K
  class space    used 3730K, committed 3904K, reserved 1048576K
}
Event: 6.447 GC heap before
{Heap before GC invocations=5 (full 0):
 garbage-first heap   total 92160K, used 65562K [0x0000000080000000, 0x0000000100000000)
  region size 1024K, 53 young (54272K), 11 survivors (11264K)
 Metaspace       used 35444K, committed 36096K, reserved 1114112K
  class space    used 4659K, committed 4992K, reserved 1048576K
}
Event: 6.468 GC heap after
{Heap after GC invocations=6 (full 0):
 garbage-first heap   total 92160K, used 26733K [0x0000000080000000, 0x0000000100000000)
  region size 1024K, 6 young (6144K), 6 survivors (6144K)
 Metaspace       used 35444K, committed 36096K, reserved 1114112K
  class space    used 4659K, committed 4992K, reserved 1048576K
}
Event: 6.547 GC heap before
{Heap before GC invocations=6 (full 0):
 garbage-first heap   total 92160K, used 27757K [0x0000000080000000, 0x0000000100000000)
  region size 1024K, 8 young (8192K), 6 survivors (6144K)
 Metaspace       used 35683K, committed 36416K, reserved 1114112K
  class space    used 4692K, committed 5056K, reserved 1048576K
}
Event: 6.556 GC heap after
{Heap after GC invocations=7 (full 0):
 garbage-first heap   total 92160K, used 26844K [0x0000000080000000, 0x0000000100000000)
  region size 1024K, 4 young (4096K), 4 survivors (4096K)
 Metaspace       used 35683K, committed 36416K, reserved 1114112K
  class space    used 4692K, committed 5056K, reserved 1048576K
}
Event: 71.155 GC heap before
{Heap before GC invocations=8 (full 0):
 garbage-first heap   total 92160K, used 89308K [0x0000000080000000, 0x0000000100000000)
  region size 1024K, 48 young (49152K), 4 survivors (4096K)
 Metaspace       used 40078K, committed 40960K, reserved 1114112K
  class space    used 5476K, committed 5888K, reserved 1048576K
}
Event: 71.170 GC heap after
{Heap after GC invocations=9 (full 0):
 garbage-first heap   total 103424K, used 54272K [0x0000000080000000, 0x0000000100000000)
  region size 1024K, 7 young (7168K), 7 survivors (7168K)
 Metaspace       used 40078K, committed 40960K, reserved 1114112K
  class space    used 5476K, committed 5888K, reserved 1048576K
}
Event: 72.288 GC heap before
{Heap before GC invocations=9 (full 0):
 garbage-first heap   total 103424K, used 89088K [0x0000000080000000, 0x0000000100000000)
  region size 1024K, 41 young (41984K), 7 survivors (7168K)
 Metaspace       used 44296K, committed 45440K, reserved 1114112K
  class space    used 6148K, committed 6656K, reserved 1048576K
}
Event: 72.294 GC heap after
{Heap after GC invocations=10 (full 0):
 garbage-first heap   total 103424K, used 56253K [0x0000000080000000, 0x0000000100000000)
  region size 1024K, 2 young (2048K), 2 survivors (2048K)
 Metaspace       used 44296K, committed 45440K, reserved 1114112K
  class space    used 6148K, committed 6656K, reserved 1048576K
}
Event: 73.370 GC heap before
{Heap before GC invocations=10 (full 0):
 garbage-first heap   total 103424K, used 89021K [0x0000000080000000, 0x0000000100000000)
  region size 1024K, 35 young (35840K), 2 survivors (2048K)
 Metaspace       used 49408K, committed 50688K, reserved 1114112K
  class space    used 6844K, committed 7424K, reserved 1048576K
}
Event: 73.377 GC heap after
{Heap after GC invocations=11 (full 0):
 garbage-first heap   total 103424K, used 59176K [0x0000000080000000, 0x0000000100000000)
  region size 1024K, 5 young (5120K), 5 survivors (5120K)
 Metaspace       used 49408K, committed 50688K, reserved 1114112K
  class space    used 6844K, committed 7424K, reserved 1048576K
}
Event: 74.476 GC heap before
{Heap before GC invocations=12 (full 0):
 garbage-first heap   total 103424K, used 90920K [0x0000000080000000, 0x0000000100000000)
  region size 1024K, 36 young (36864K), 5 survivors (5120K)
 Metaspace       used 53324K, committed 54784K, reserved 1114112K
  class space    used 7462K, committed 8192K, reserved 1048576K
}
Event: 74.486 GC heap after
{Heap after GC invocations=13 (full 0):
 garbage-first heap   total 124928K, used 62005K [0x0000000080000000, 0x0000000100000000)
  region size 1024K, 3 young (3072K), 3 survivors (3072K)
 Metaspace       used 53324K, committed 54784K, reserved 1114112K
  class space    used 7462K, committed 8192K, reserved 1048576K
}
Event: 75.731 GC heap before
{Heap before GC invocations=13 (full 0):
 garbage-first heap   total 124928K, used 113205K [0x0000000080000000, 0x0000000100000000)
  region size 1024K, 51 young (52224K), 3 survivors (3072K)
 Metaspace       used 57294K, committed 58816K, reserved 1114112K
  class space    used 8119K, committed 8832K, reserved 1048576K
}
Event: 75.738 GC heap after
{Heap after GC invocations=14 (full 0):
 garbage-first heap   total 124928K, used 67997K [0x0000000080000000, 0x0000000100000000)
  region size 1024K, 7 young (7168K), 7 survivors (7168K)
 Metaspace       used 57294K, committed 58816K, reserved 1114112K
  class space    used 8119K, committed 8832K, reserved 1048576K
}
Event: 76.681 GC heap before
{Heap before GC invocations=14 (full 0):
 garbage-first heap   total 124928K, used 109981K [0x0000000080000000, 0x0000000100000000)
  region size 1024K, 49 young (50176K), 7 survivors (7168K)
 Metaspace       used 58996K, committed 60672K, reserved 1114112K
  class space    used 8344K, committed 9152K, reserved 1048576K
}
Event: 76.689 GC heap after
{Heap after GC invocations=15 (full 0):
 garbage-first heap   total 124928K, used 72667K [0x0000000080000000, 0x0000000100000000)
  region size 1024K, 5 young (5120K), 5 survivors (5120K)
 Metaspace       used 58996K, committed 60672K, reserved 1114112K
  class space    used 8344K, committed 9152K, reserved 1048576K
}

Dll operation events (3 events):
Event: 0.008 Loaded shared library C:\Program Files\Android\Android Studio\jbr\bin\java.dll
Event: 0.014 Loaded shared library C:\Program Files\Android\Android Studio\jbr\bin\zip.dll
Event: 0.816 Loaded shared library C:\Program Files\Android\Android Studio\jbr\bin\verify.dll

Deoptimization events (20 events):
Event: 76.119 Thread 0x000001e5a4ed3a20 DEOPT PACKING pc=0x000001e592792d74 sp=0x0000001f2a0f4a70
Event: 76.119 Thread 0x000001e5a4ed3a20 DEOPT UNPACKING pc=0x000001e591fa43a2 sp=0x0000001f2a0f4a10 mode 2
Event: 76.449 Thread 0x000001e5a4ed3a20 Uncommon trap: trap_request=0xffffff45 fr.pc=0x000001e59262b224 relative=0x0000000000000304
Event: 76.449 Thread 0x000001e5a4ed3a20 Uncommon trap: reason=unstable_if action=reinterpret pc=0x000001e59262b224 method=java.util.HashMap.putVal(ILjava/lang/Object;Ljava/lang/Object;ZZ)Ljava/lang/Object; @ 162 c2
Event: 76.449 Thread 0x000001e5a4ed3a20 DEOPT PACKING pc=0x000001e59262b224 sp=0x0000001f2a0f8900
Event: 76.449 Thread 0x000001e5a4ed3a20 DEOPT UNPACKING pc=0x000001e591fa43a2 sp=0x0000001f2a0f8810 mode 2
Event: 76.512 Thread 0x000001e5a4ed3a20 Uncommon trap: trap_request=0xffffff54 fr.pc=0x000001e5928a8d3c relative=0x000000000000009c
Event: 76.512 Thread 0x000001e5a4ed3a20 Uncommon trap: reason=speculate_null_assert action=make_not_entrant pc=0x000001e5928a8d3c method=java.lang.invoke.LambdaFormEditor.getInCache(Ljava/lang/invoke/LambdaFormEditor$TransformKey;)Ljava/lang/invoke/LambdaForm; @ 37 c2
Event: 76.512 Thread 0x000001e5a4ed3a20 DEOPT PACKING pc=0x000001e5928a8d3c sp=0x0000001f2a0f7460
Event: 76.512 Thread 0x000001e5a4ed3a20 DEOPT UNPACKING pc=0x000001e591fa43a2 sp=0x0000001f2a0f73c0 mode 2
Event: 76.634 Thread 0x000001e5a4ed3a20 DEOPT PACKING pc=0x000001e58b0d285e sp=0x0000001f2a0f7910
Event: 76.634 Thread 0x000001e5a4ed3a20 DEOPT UNPACKING pc=0x000001e591fa4b42 sp=0x0000001f2a0f6df8 mode 0
Event: 76.634 Thread 0x000001e5a4ed3a20 DEOPT PACKING pc=0x000001e58b20ad09 sp=0x0000001f2a0f7900
Event: 76.634 Thread 0x000001e5a4ed3a20 DEOPT UNPACKING pc=0x000001e591fa4b42 sp=0x0000001f2a0f6df0 mode 0
Event: 76.642 Thread 0x000001e5a4ed3a20 DEOPT PACKING pc=0x000001e58b0d285e sp=0x0000001f2a0f7760
Event: 76.642 Thread 0x000001e5a4ed3a20 DEOPT UNPACKING pc=0x000001e591fa4b42 sp=0x0000001f2a0f6c48 mode 0
Event: 76.642 Thread 0x000001e5a4ed3a20 DEOPT PACKING pc=0x000001e58b20ad09 sp=0x0000001f2a0f7750
Event: 76.642 Thread 0x000001e5a4ed3a20 DEOPT UNPACKING pc=0x000001e591fa4b42 sp=0x0000001f2a0f6c40 mode 0
Event: 76.674 Thread 0x000001e5a4ed3a20 DEOPT PACKING pc=0x000001e58acf5ddd sp=0x0000001f2a0f7b90
Event: 76.674 Thread 0x000001e5a4ed3a20 DEOPT UNPACKING pc=0x000001e591fa4b42 sp=0x0000001f2a0f7008 mode 0

Classes loaded (20 events):
Event: 76.028 Loading class java/lang/ClassBeanInfo
Event: 76.028 Loading class java/lang/ClassBeanInfo done
Event: 76.028 Loading class java/lang/ClassCustomizer
Event: 76.029 Loading class java/lang/ClassCustomizer done
Event: 76.029 Loading class java/lang/ClassCustomizer
Event: 76.029 Loading class java/lang/ClassCustomizer done
Event: 76.036 Loading class jdk/internal/vm/annotation/ForceInline
Event: 76.037 Loading class jdk/internal/vm/annotation/ForceInline done
Event: 76.042 Loading class java/lang/reflect/Executable$ParameterData
Event: 76.042 Loading class java/lang/reflect/Executable$ParameterData done
Event: 76.127 Loading class java/lang/invoke/BoundMethodHandle$Species_LLLI
Event: 76.127 Loading class java/lang/invoke/BoundMethodHandle$Species_LLLI done
Event: 76.134 Loading class java/lang/invoke/BoundMethodHandle$Species_LLLIL
Event: 76.134 Loading class java/lang/invoke/BoundMethodHandle$Species_LLLIL done
Event: 76.139 Loading class java/lang/invoke/BoundMethodHandle$Species_LLLILL
Event: 76.139 Loading class java/lang/invoke/BoundMethodHandle$Species_LLLILL done
Event: 76.502 Loading class java/util/Collections$SynchronizedRandomAccessList
Event: 76.502 Loading class java/util/Collections$SynchronizedList
Event: 76.503 Loading class java/util/Collections$SynchronizedList done
Event: 76.503 Loading class java/util/Collections$SynchronizedRandomAccessList done

Classes unloaded (0 events):
No events

Classes redefined (0 events):
No events

Internal exceptions (20 events):
Event: 76.141 Thread 0x000001e5a4ed3a20 Exception <a 'java/lang/NoSuchMethodError'{0x0000000085eaf330}: 'java.lang.Object java.lang.invoke.DirectMethodHandle$Holder.invokeStatic(java.lang.Object, java.lang.Object, java.lang.Object, java.lang.Object, java.lang.Object, java.lang.Object, int, java.lang.Object, java.lang.Object)'> (0x0000000085eaf330) 
thrown [s\src\hotspot\share\interpreter\linkResolver.cpp, line 784]
Event: 76.169 Thread 0x000001e5a4ed3a20 Exception <a 'sun/nio/fs/WindowsException'{0x0000000085d0eeb8}> (0x0000000085d0eeb8) 
thrown [s\src\hotspot\share\prims\jni.cpp, line 537]
Event: 76.169 Thread 0x000001e5a4ed3a20 Exception <a 'java/lang/ClassNotFoundException'{0x0000000085d120c0}: com/intellij/gradle/toolingExtension/impl/modelBuilder/ExtraModelBuilderBeanInfo> (0x0000000085d120c0) 
thrown [s\src\hotspot\share\classfile\systemDictionary.cpp, line 312]
Event: 76.170 Thread 0x000001e5a4ed3a20 Exception <a 'sun/nio/fs/WindowsException'{0x0000000085d1d008}> (0x0000000085d1d008) 
thrown [s\src\hotspot\share\prims\jni.cpp, line 537]
Event: 76.170 Thread 0x000001e5a4ed3a20 Exception <a 'java/lang/ClassNotFoundException'{0x0000000085d1ff68}: com/intellij/gradle/toolingExtension/impl/modelBuilder/ExtraModelBuilderCustomizer> (0x0000000085d1ff68) 
thrown [s\src\hotspot\share\classfile\systemDictionary.cpp, line 312]
Event: 76.423 Thread 0x000001e5a4ed3a20 Exception <a 'sun/nio/fs/WindowsException'{0x00000000858efbe8}> (0x00000000858efbe8) 
thrown [s\src\hotspot\share\prims\jni.cpp, line 537]
Event: 76.472 Thread 0x000001e5a4ed3a20 Exception <a 'java/lang/IncompatibleClassChangeError'{0x000000008566fca8}: Found class java.lang.Object, but interface was expected> (0x000000008566fca8) 
thrown [s\src\hotspot\share\interpreter\linkResolver.cpp, line 851]
Event: 76.477 Thread 0x000001e5a4ed3a20 Exception <a 'sun/nio/fs/WindowsException'{0x000000008568ced8}> (0x000000008568ced8) 
thrown [s\src\hotspot\share\prims\jni.cpp, line 537]
Event: 76.479 Thread 0x000001e5a4ed3a20 Exception <a 'sun/nio/fs/WindowsException'{0x000000008568e9c8}> (0x000000008568e9c8) 
thrown [s\src\hotspot\share\prims\jni.cpp, line 537]
Event: 76.480 Thread 0x000001e5a4ed3a20 Exception <a 'sun/nio/fs/WindowsException'{0x0000000085690478}> (0x0000000085690478) 
thrown [s\src\hotspot\share\prims\jni.cpp, line 537]
Event: 76.480 Thread 0x000001e5a4ed3a20 Exception <a 'sun/nio/fs/WindowsException'{0x0000000085691b50}> (0x0000000085691b50) 
thrown [s\src\hotspot\share\prims\jni.cpp, line 537]
Event: 76.486 Thread 0x000001e5a4ed3a20 Exception <a 'java/lang/NoSuchMethodError'{0x00000000856abb40}: 'java.lang.Object java.lang.invoke.Invokers$Holder.invoker(java.lang.Object, java.lang.Object, java.lang.Object, java.lang.Object, java.lang.Object, java.lang.Object)'> (0x00000000856abb40) 
thrown [s\src\hotspot\share\interpreter\linkResolver.cpp, line 784]
Event: 76.519 Thread 0x000001e5a4ed3a20 Exception <a 'java/lang/NoSuchMethodError'{0x0000000085533048}: 'java.lang.Object java.lang.invoke.DirectMethodHandle$Holder.invokeSpecial(java.lang.Object, java.lang.Object, java.lang.Object, java.lang.Object, java.lang.Object, java.lang.Object, java.lang.Object, java.lang.Object, java.lang.Object, java.lang.Object, java.lang.Object, java.lang.Object, java.lang.Object, java.lang.Object, java.lang.Object, java.lang.Object, java.lang.Object, java.lang.Object, java.lang.Object, java.lang.Object, java.lang.Ob
Event: 76.519 Thread 0x000001e5a4ed3a20 Exception <a 'java/lang/NoSuchMethodError'{0x0000000085539610}: 'java.lang.Object java.lang.invoke.DelegatingMethodHandle$Holder.reinvoke_L(java.lang.Object, java.lang.Object, java.lang.Object, java.lang.Object, java.lang.Object, java.lang.Object, java.lang.Object, java.lang.Object, java.lang.Object, java.lang.Object, java.lang.Object, java.lang.Object, java.lang.Object, java.lang.Object, java.lang.Object, java.lang.Object, java.lang.Object, java.lang.Object, java.lang.Object, java.lang.Object, java.lang.O
Event: 76.520 Thread 0x000001e5a4ed3a20 Exception <a 'java/lang/NoSuchMethodError'{0x00000000855449c8}: 'java.lang.Object java.lang.invoke.Invokers$Holder.invoker(java.lang.Object, java.lang.Object, java.lang.Object, java.lang.Object, java.lang.Object, java.lang.Object, java.lang.Object, java.lang.Object, java.lang.Object, java.lang.Object, java.lang.Object, java.lang.Object, java.lang.Object, java.lang.Object, java.lang.Object, java.lang.Object, java.lang.Object, java.lang.Object, java.lang.Object, java.lang.Object, java.lang.Object, java.lang.
Event: 76.520 Thread 0x000001e5a4ed3a20 Exception <a 'java/lang/NoSuchMethodError'{0x000000008554b590}: 'java.lang.Object java.lang.invoke.DelegatingMethodHandle$Holder.delegate(java.lang.Object, java.lang.Object, java.lang.Object, java.lang.Object, java.lang.Object, java.lang.Object, java.lang.Object, java.lang.Object, java.lang.Object, java.lang.Object, java.lang.Object, java.lang.Object, java.lang.Object, java.lang.Object, java.lang.Object, java.lang.Object, java.lang.Object, java.lang.Object, java.lang.Object, java.lang.Object, java.lang.Obj
Event: 76.546 Thread 0x000001e5a4ed3a20 Exception <a 'sun/nio/fs/WindowsException'{0x00000000854822f0}> (0x00000000854822f0) 
thrown [s\src\hotspot\share\prims\jni.cpp, line 537]
Event: 76.589 Thread 0x000001e5a4ed3a20 Exception <a 'java/lang/NoSuchMethodError'{0x00000000853a6d98}: 'java.lang.Object java.lang.invoke.DirectMethodHandle$Holder.newInvokeSpecial(java.lang.Object, java.lang.Object, java.lang.Object, java.lang.Object, java.lang.Object, java.lang.Object, int)'> (0x00000000853a6d98) 
thrown [s\src\hotspot\share\interpreter\linkResolver.cpp, line 784]
Event: 76.590 Thread 0x000001e5a4ed3a20 Exception <a 'java/lang/NoSuchMethodError'{0x00000000853abc68}: 'java.lang.Object java.lang.invoke.DirectMethodHandle$Holder.invokeSpecial(java.lang.Object, java.lang.Object, java.lang.Object, java.lang.Object, java.lang.Object, java.lang.Object, java.lang.Object, int)'> (0x00000000853abc68) 
thrown [s\src\hotspot\share\interpreter\linkResolver.cpp, line 784]
Event: 76.590 Thread 0x000001e5a4ed3a20 Exception <a 'java/lang/NoSuchMethodError'{0x00000000853b00d8}: 'java.lang.Object java.lang.invoke.Invokers$Holder.linkToTargetMethod(java.lang.Object, java.lang.Object, java.lang.Object, java.lang.Object, java.lang.Object, int, java.lang.Object)'> (0x00000000853b00d8) 
thrown [s\src\hotspot\share\interpreter\linkResolver.cpp, line 784]

ZGC Phase Switch (0 events):
No events

VM Operations (20 events):
Event: 73.737 Executing non-safepoint VM operation: HandshakeAllThreads (Deoptimize)
Event: 73.737 Executing non-safepoint VM operation: HandshakeAllThreads (Deoptimize) done
Event: 74.138 Executing safepoint VM operation: ICBufferFull
Event: 74.139 Executing safepoint VM operation: ICBufferFull done
Event: 74.311 Executing non-safepoint VM operation: HandshakeAllThreads (Deoptimize)
Event: 74.311 Executing non-safepoint VM operation: HandshakeAllThreads (Deoptimize) done
Event: 74.433 Executing non-safepoint VM operation: HandshakeAllThreads (Deoptimize)
Event: 74.433 Executing non-safepoint VM operation: HandshakeAllThreads (Deoptimize) done
Event: 74.447 Executing non-safepoint VM operation: HandshakeAllThreads (Deoptimize)
Event: 74.447 Executing non-safepoint VM operation: HandshakeAllThreads (Deoptimize) done
Event: 74.476 Executing safepoint VM operation: G1CollectForAllocation (G1 Evacuation Pause)
Event: 74.486 Executing safepoint VM operation: G1CollectForAllocation (G1 Evacuation Pause) done
Event: 75.489 Executing safepoint VM operation: Cleanup
Event: 75.490 Executing safepoint VM operation: Cleanup done
Event: 75.731 Executing safepoint VM operation: G1CollectForAllocation (G1 Evacuation Pause)
Event: 75.738 Executing safepoint VM operation: G1CollectForAllocation (G1 Evacuation Pause) done
Event: 76.454 Executing safepoint VM operation: ICBufferFull
Event: 76.454 Executing safepoint VM operation: ICBufferFull done
Event: 76.681 Executing safepoint VM operation: G1CollectForAllocation (G1 Evacuation Pause)
Event: 76.689 Executing safepoint VM operation: G1CollectForAllocation (G1 Evacuation Pause) done

Memory protections (0 events):
No events

Nmethod flushes (20 events):
Event: 73.406 Thread 0x000001e59f426750 flushing  nmethod 0x000001e592664110
Event: 73.406 Thread 0x000001e59f426750 flushing  nmethod 0x000001e58aa4c010
Event: 73.406 Thread 0x000001e59f426750 flushing  nmethod 0x000001e58aa50b10
Event: 73.406 Thread 0x000001e59f426750 flushing  nmethod 0x000001e58ab4c910
Event: 73.406 Thread 0x000001e59f426750 flushing  nmethod 0x000001e58abf7810
Event: 73.406 Thread 0x000001e59f426750 flushing  nmethod 0x000001e58abf8890
Event: 73.406 Thread 0x000001e59f426750 flushing  nmethod 0x000001e58ac5b090
Event: 73.406 Thread 0x000001e59f426750 flushing  nmethod 0x000001e58ac5d110
Event: 73.406 Thread 0x000001e59f426750 flushing  nmethod 0x000001e58ac5fa90
Event: 73.406 Thread 0x000001e59f426750 flushing  nmethod 0x000001e58aca0f10
Event: 73.406 Thread 0x000001e59f426750 flushing  nmethod 0x000001e58adc4610
Event: 73.406 Thread 0x000001e59f426750 flushing  nmethod 0x000001e58adc5390
Event: 73.406 Thread 0x000001e59f426750 flushing  nmethod 0x000001e58ae3ce90
Event: 73.406 Thread 0x000001e59f426750 flushing  nmethod 0x000001e58ae41910
Event: 73.406 Thread 0x000001e59f426750 flushing  nmethod 0x000001e58ae42510
Event: 73.406 Thread 0x000001e59f426750 flushing  nmethod 0x000001e58af00e10
Event: 73.406 Thread 0x000001e59f426750 flushing  nmethod 0x000001e58af01210
Event: 73.406 Thread 0x000001e59f426750 flushing  nmethod 0x000001e58af5c490
Event: 73.406 Thread 0x000001e59f426750 flushing  nmethod 0x000001e58b09c490
Event: 73.406 Thread 0x000001e59f426750 flushing  nmethod 0x000001e58b09e810

Events (20 events):
Event: 75.593 Thread 0x000001e5a4ed3a20 Thread added: 0x000001e5a688dfc0
Event: 75.594 Thread 0x000001e5a4ed3a20 Thread added: 0x000001e5a688d2a0
Event: 75.595 Thread 0x000001e5a4ed3a20 Thread added: 0x000001e5a688f370
Event: 75.595 Thread 0x000001e5a4ed3a20 Thread added: 0x000001e5a688fa00
Event: 75.595 Thread 0x000001e5a4ed3a20 Thread added: 0x000001e5a688d930
Event: 75.596 Thread 0x000001e5a4ed3a20 Thread added: 0x000001e5a6890090
Event: 75.596 Thread 0x000001e5a4ed3a20 Thread added: 0x000001e5a688ece0
Event: 75.635 Thread 0x000001e5a4ed3a20 Thread added: 0x000001e5a688e650
Event: 75.636 Thread 0x000001e5a4ed3a20 Thread added: 0x000001e5a688cc10
Event: 75.637 Thread 0x000001e5a4ed3a20 Thread added: 0x000001e5a6893ba0
Event: 75.639 Thread 0x000001e5a4ed3a20 Thread added: 0x000001e5a6890720
Event: 75.640 Thread 0x000001e5a4ed3a20 Thread added: 0x000001e5a6892160
Event: 75.642 Thread 0x000001e5a4ed3a20 Thread added: 0x000001e5a68927f0
Event: 75.643 Thread 0x000001e5a4ed3a20 Thread added: 0x000001e5a6894230
Event: 75.644 Thread 0x000001e5a4ed3a20 Thread added: 0x000001e5a6892e80
Event: 75.645 Thread 0x000001e5a4ed3a20 Thread added: 0x000001e5a6893510
Event: 75.646 Thread 0x000001e5a4ed3a20 Thread added: 0x000001e5a6890db0
Event: 75.647 Thread 0x000001e5a4ed3a20 Thread added: 0x000001e5a6891ad0
Event: 76.315 Thread 0x000001e5a5c63a50 Thread exited: 0x000001e5a5c63a50
Event: 76.317 Thread 0x000001e5a45b13d0 Thread exited: 0x000001e5a45b13d0


Dynamic libraries:
0x00007ff6e9500000 - 0x00007ff6e950a000 	C:\Program Files\Android\Android Studio\jbr\bin\java.exe
0x00007ffd57940000 - 0x00007ffd57ba7000 	C:\WINDOWS\SYSTEM32\ntdll.dll
0x00007ffd566a0000 - 0x00007ffd56769000 	C:\WINDOWS\System32\KERNEL32.DLL
0x00007ffd54920000 - 0x00007ffd54d11000 	C:\WINDOWS\System32\KERNELBASE.dll
0x00007ffd54440000 - 0x00007ffd5458b000 	C:\WINDOWS\System32\ucrtbase.dll
0x00007ffd4f490000 - 0x00007ffd4f4ab000 	C:\Program Files\Android\Android Studio\jbr\bin\VCRUNTIME140.dll
0x00007ffd33870000 - 0x00007ffd33888000 	C:\Program Files\Android\Android Studio\jbr\bin\jli.dll
0x00007ffd556e0000 - 0x00007ffd558a5000 	C:\WINDOWS\System32\USER32.dll
0x00007ffd3afb0000 - 0x00007ffd3b243000 	C:\WINDOWS\WinSxS\amd64_microsoft.windows.common-controls_6595b64144ccf1df_6.0.26100.8037_none_3e092faae333b53b\COMCTL32.dll
0x00007ffd547c0000 - 0x00007ffd547e7000 	C:\WINDOWS\System32\win32u.dll
0x00007ffd558b0000 - 0x00007ffd55959000 	C:\WINDOWS\System32\msvcrt.dll
0x00007ffd55ff0000 - 0x00007ffd5601b000 	C:\WINDOWS\System32\GDI32.dll
0x00007ffd547f0000 - 0x00007ffd5491b000 	C:\WINDOWS\System32\gdi32full.dll
0x00007ffd54710000 - 0x00007ffd547b3000 	C:\WINDOWS\System32\msvcp_win.dll
0x00007ffd56770000 - 0x00007ffd567a1000 	C:\WINDOWS\System32\IMM32.DLL
0x00007ffd4f480000 - 0x00007ffd4f48c000 	C:\Program Files\Android\Android Studio\jbr\bin\vcruntime140_1.dll
0x00007ffd15330000 - 0x00007ffd153bd000 	C:\Program Files\Android\Android Studio\jbr\bin\msvcp140.dll
0x00007ffc83070000 - 0x00007ffc83d06000 	C:\Program Files\Android\Android Studio\jbr\bin\server\jvm.dll
0x00007ffd56020000 - 0x00007ffd560db000 	C:\WINDOWS\System32\ADVAPI32.dll
0x00007ffd559f0000 - 0x00007ffd55a97000 	C:\WINDOWS\System32\sechost.dll
0x00007ffd56890000 - 0x00007ffd569a8000 	C:\WINDOWS\System32\RPCRT4.dll
0x00007ffd57550000 - 0x00007ffd575c4000 	C:\WINDOWS\System32\WS2_32.dll
0x00007ffd3baf0000 - 0x00007ffd3bb25000 	C:\WINDOWS\SYSTEM32\WINMM.dll
0x00007ffd540a0000 - 0x00007ffd540fe000 	C:\WINDOWS\SYSTEM32\POWRPROF.dll
0x00007ffd46f40000 - 0x00007ffd46f4b000 	C:\WINDOWS\SYSTEM32\VERSION.dll
0x00007ffd54080000 - 0x00007ffd54094000 	C:\WINDOWS\SYSTEM32\UMPDC.dll
0x00007ffd52fb0000 - 0x00007ffd52fcb000 	C:\WINDOWS\SYSTEM32\kernel.appcore.dll
0x00007ffd47dc0000 - 0x00007ffd47dca000 	C:\Program Files\Android\Android Studio\jbr\bin\jimage.dll
0x00007ffd520a0000 - 0x00007ffd522e2000 	C:\WINDOWS\SYSTEM32\DBGHELP.DLL
0x00007ffd571b0000 - 0x00007ffd57532000 	C:\WINDOWS\System32\combase.dll
0x00007ffd567b0000 - 0x00007ffd56887000 	C:\WINDOWS\System32\OLEAUT32.dll
0x00007ffd333d0000 - 0x00007ffd3340b000 	C:\WINDOWS\SYSTEM32\dbgcore.DLL
0x00007ffd54220000 - 0x00007ffd542c5000 	C:\WINDOWS\System32\bcryptPrimitives.dll
0x00007ffd47df0000 - 0x00007ffd47dfe000 	C:\Program Files\Android\Android Studio\jbr\bin\instrument.dll
0x00007ffd395e0000 - 0x00007ffd39600000 	C:\Program Files\Android\Android Studio\jbr\bin\java.dll
0x00007ffd395c0000 - 0x00007ffd395d8000 	C:\Program Files\Android\Android Studio\jbr\bin\zip.dll
0x00007ffd56a30000 - 0x00007ffd5718f000 	C:\WINDOWS\System32\SHELL32.dll
0x00007ffd542d0000 - 0x00007ffd5443a000 	C:\WINDOWS\System32\wintypes.dll
0x00007ffd54db0000 - 0x00007ffd55614000 	C:\WINDOWS\System32\windows.storage.dll
0x00007ffd560e0000 - 0x00007ffd561d7000 	C:\WINDOWS\System32\SHCORE.dll
0x00007ffd55d70000 - 0x00007ffd55dd7000 	C:\WINDOWS\System32\shlwapi.dll
0x00007ffd54140000 - 0x00007ffd54169000 	C:\WINDOWS\SYSTEM32\profapi.dll
0x00007ffd476f0000 - 0x00007ffd47700000 	C:\Program Files\Android\Android Studio\jbr\bin\net.dll
0x00007ffd4d1a0000 - 0x00007ffd4d2c7000 	C:\WINDOWS\SYSTEM32\WINHTTP.dll
0x00007ffd53520000 - 0x00007ffd5358b000 	C:\WINDOWS\system32\mswsock.dll
0x00007ffd395a0000 - 0x00007ffd395b6000 	C:\Program Files\Android\Android Studio\jbr\bin\nio.dll
0x00007ffd39280000 - 0x00007ffd39290000 	C:\Program Files\Android\Android Studio\jbr\bin\verify.dll
0x00007ffd34820000 - 0x00007ffd34847000 	C:\Users\Pauline\.gradle\native\660c5614fbf4a5f2a75b1949f50a0caf5cd603558e7d8a26e50b933a0cfb79d1\windows-amd64\native-platform.dll
0x00007ffd0f330000 - 0x00007ffd0f3a7000 	C:\Users\Pauline\.gradle\native\0.2.8\x86_64-windows-gnu\gradle-fileevents.dll
0x00007ffd45ef0000 - 0x00007ffd45ef9000 	C:\Program Files\Android\Android Studio\jbr\bin\management.dll
0x00007ffd3c0d0000 - 0x00007ffd3c0db000 	C:\Program Files\Android\Android Studio\jbr\bin\management_ext.dll
0x00007ffd575d0000 - 0x00007ffd575d8000 	C:\WINDOWS\System32\PSAPI.DLL
0x00007ffd529d0000 - 0x00007ffd52a03000 	C:\WINDOWS\SYSTEM32\IPHLPAPI.DLL
0x00007ffd57540000 - 0x00007ffd5754a000 	C:\WINDOWS\System32\NSI.dll
0x00007ffd47490000 - 0x00007ffd47499000 	C:\Program Files\Android\Android Studio\jbr\bin\extnet.dll
0x00007ffd53800000 - 0x00007ffd5381b000 	C:\WINDOWS\SYSTEM32\CRYPTSP.dll
0x00007ffd52f10000 - 0x00007ffd52f49000 	C:\WINDOWS\system32\rsaenh.dll
0x00007ffd535d0000 - 0x00007ffd53602000 	C:\WINDOWS\SYSTEM32\USERENV.dll
0x00007ffd54110000 - 0x00007ffd5413a000 	C:\WINDOWS\SYSTEM32\bcrypt.dll
0x00007ffd53820000 - 0x00007ffd5382c000 	C:\WINDOWS\SYSTEM32\CRYPTBASE.dll
0x00007ffd1b210000 - 0x00007ffd1b218000 	C:\WINDOWS\system32\wshunix.dll

JVMTI agents:
C:\Users\Pauline\.gradle\wrapper\dists\gradle-9.3.1-bin\23ovyewtku6u96viwx3xl3oks\gradle-9.3.1\lib\agents\gradle-instrumentation-agent-9.3.1.jar path:C:\Program Files\Android\Android Studio\jbr\bin\instrument.dll, loaded, initialized, instrumentlib options:none

dbghelp: loaded successfully - version: 4.0.5 - missing functions: none
symbol engine: initialized successfully - sym options: 0x614 - pdb path: .;C:\Program Files\Android\Android Studio\jbr\bin;C:\WINDOWS\SYSTEM32;C:\WINDOWS\WinSxS\amd64_microsoft.windows.common-controls_6595b64144ccf1df_6.0.26100.8037_none_3e092faae333b53b;C:\Program Files\Android\Android Studio\jbr\bin\server;C:\Users\Pauline\.gradle\native\660c5614fbf4a5f2a75b1949f50a0caf5cd603558e7d8a26e50b933a0cfb79d1\windows-amd64;C:\Users\Pauline\.gradle\native\0.2.8\x86_64-windows-gnu

VM Arguments:
jvm_args: --add-opens=java.base/java.lang=ALL-UNNAMED --add-opens=java.base/java.lang.invoke=ALL-UNNAMED --add-opens=java.base/java.util=ALL-UNNAMED --add-opens=java.prefs/java.util.prefs=ALL-UNNAMED --add-exports=jdk.compiler/com.sun.tools.javac.api=ALL-UNNAMED --add-exports=jdk.compiler/com.sun.tools.javac.util=ALL-UNNAMED --add-opens=java.base/java.util=ALL-UNNAMED --add-opens=java.prefs/java.util.prefs=ALL-UNNAMED --add-opens=java.base/java.nio.charset=ALL-UNNAMED --add-opens=java.base/java.net=ALL-UNNAMED --add-opens=java.base/java.util.concurrent=ALL-UNNAMED --add-opens=java.base/java.util.concurrent.atomic=ALL-UNNAMED --add-opens=java.xml/javax.xml.namespace=ALL-UNNAMED --add-opens=java.base/java.time=ALL-UNNAMED -Xmx2048m -Dfile.encoding=UTF-8 -Duser.country=FR -Duser.language=fr -Duser.variant -javaagent:C:\Users\Pauline\.gradle\wrapper\dists\gradle-9.3.1-bin\23ovyewtku6u96viwx3xl3oks\gradle-9.3.1\lib\agents\gradle-instrumentation-agent-9.3.1.jar 
java_command: org.gradle.launcher.daemon.bootstrap.GradleDaemon 9.3.1
java_class_path (initial): C:\Users\Pauline\.gradle\wrapper\dists\gradle-9.3.1-bin\23ovyewtku6u96viwx3xl3oks\gradle-9.3.1\lib\gradle-daemon-main-9.3.1.jar
Launcher Type: SUN_STANDARD

[Global flags]
     intx CICompilerCount                          = 4                                         {product} {ergonomic}
     uint ConcGCThreads                            = 3                                         {product} {ergonomic}
     uint G1ConcRefinementThreads                  = 10                                        {product} {ergonomic}
   size_t G1HeapRegionSize                         = 1048576                                   {product} {ergonomic}
    uintx GCDrainStackTargetSize                   = 64                                        {product} {ergonomic}
   size_t InitialHeapSize                          = 264241152                                 {product} {ergonomic}
   size_t MarkStackSize                            = 4194304                                   {product} {ergonomic}
   size_t MaxHeapSize                              = 2147483648                                {product} {command line}
   size_t MaxNewSize                               = 1287651328                                {product} {ergonomic}
   size_t MinHeapDeltaBytes                        = 1048576                                   {product} {ergonomic}
   size_t MinHeapSize                              = 8388608                                   {product} {ergonomic}
    uintx NonNMethodCodeHeapSize                   = 5839372                                {pd product} {ergonomic}
    uintx NonProfiledCodeHeapSize                  = 122909434                              {pd product} {ergonomic}
    uintx ProfiledCodeHeapSize                     = 122909434                              {pd product} {ergonomic}
    uintx ReservedCodeCacheSize                    = 251658240                              {pd product} {ergonomic}
     bool SegmentedCodeCache                       = true                                      {product} {ergonomic}
   size_t SoftMaxHeapSize                          = 2147483648                             {manageable} {ergonomic}
     bool UseCompressedOops                        = true                           {product lp64_product} {ergonomic}
     bool UseG1GC                                  = true                                      {product} {ergonomic}
     bool UseLargePagesIndividualAllocation        = false                                  {pd product} {ergonomic}

Logging:
Log output configuration:
 #0: stdout all=warning uptime,level,tags foldmultilines=false
 #1: stderr all=off uptime,level,tags foldmultilines=false

Release file:
JAVA_VERSION="21.0.10" 
MODULES="java.base java.compiler java.datatransfer java.xml java.prefs java.desktop java.instrument java.logging java.management java.security.sasl java.naming java.rmi java.management.rmi java.net.http java.scripting java.security.jgss java.transaction.xa java.sql java.sql.rowset java.xml.crypto java.se java.smartcardio jdk.accessibility jdk.internal.jvmstat jdk.attach jdk.charsets jdk.internal.opt jdk.zipfs jdk.compiler jdk.crypto.ec jdk.crypto.cryptoki jdk.dynalink jdk.hotspot.agent jdk.httpserver jdk.internal.ed jdk.internal.le jdk.internal.vm.ci jdk.jartool jdk.javadoc jdk.jcmd jdk.jdeps jdk.jdwp.agent jdk.jdi jdk.jfr jdk.jlink jdk.jsobject jdk.localedata jdk.management jdk.management.agent jdk.management.jfr jdk.naming.dns jdk.naming.rmi jdk.net jdk.sctp jdk.security.auth jdk.security.jgss jdk.unsupported jdk.unsupported.desktop jdk.xml.dom" 
IMPLEMENTOR="JetBrains s.r.o." 
JAVA_RUNTIME_VERSION="21.0.10+-14961533-b1163.108" 
LIBC="default" 
OS_ARCH="x86_64" 
OS_NAME="Windows" 
SOURCE=".:git:1351622c2ff2" 

Environment Variables:
JAVA_HOME=C:\Program Files\Eclipse Adoptium\jdk-21.0.8.9-hotspot\
PATH=C:\Program Files (x86)\VMware\VMware Workstation\bin\;C:\Program Files\Eclipse Adoptium\jdk-21.0.8.9-hotspot\bin;C:\Python313\Scripts\;C:\Python313\;C:\Program Files\Common Files\Oracle\Java\javapath;C:\windows\system32;C:\windows;C:\windows\System32\Wbem;C:\windows\System32\WindowsPowerShell\v1.0\;C:\windows\System32\OpenSSH\;C:\ProgramData\chocolatey\bin;C:\Program Files\Git\cmd;C:\WINDOWS\system32;C:\WINDOWS;C:\WINDOWS\System32\Wbem;C:\WINDOWS\System32\WindowsPowerShell\v1.0\;C:\WINDOWS\System32\OpenSSH\;C:\Program Files\Docker\Docker\resources\bin;C:\Program Files\nodejs\;C:\Program Files\MySQL\MySQL Shell 8.0\bin\;C:\Users\Pauline\AppData\Local\Microsoft\WindowsApps;C:\Users\Pauline\AppData\Local\Programs\Microsoft VS Code\bin;C:\Maven\apache-maven-3.9.12\bin;C:\Users\Pauline\AppData\Roaming\npm
USERNAME=Pauline
OS=Windows_NT
PROCESSOR_IDENTIFIER=Intel64 Family 6 Model 154 Stepping 4, GenuineIntel
TMP=C:\Users\Pauline\AppData\Local\Temp
TEMP=C:\Users\Pauline\AppData\Local\Temp




Periodic native trim disabled

JNI global refs:
JNI global refs: 28, weak refs: 2

JNI global refs memory usage: 835, weak refs: 833

Process memory usage:
Resident Set Size: 300812K (1% of 16463096K total physical memory with 2126992K free physical memory)

OOME stack traces (most recent first):
Classloader memory used:
Loader org.gradle.internal.classloader.VisitableURLClassLoader                         : 28623K
Loader bootstrap                                                                       : 21788K
Loader org.gradle.initialization.MixInLegacyTypesClassLoader                           : 6648K
Loader org.gradle.internal.classloader.VisitableURLClassLoader                         : 764K
Loader org.gradle.internal.classloader.VisitableURLClassLoader$InstrumentingVisitableURLClassLoader: 587K
Loader jdk.internal.loader.ClassLoaders$AppClassLoader                                 : 229K
Loader jdk.internal.reflect.DelegatingClassLoader                                      : 199K
Loader jdk.internal.loader.ClassLoaders$PlatformClassLoader                            : 169K
Loader org.gradle.groovy.scripts.internal.DefaultScriptCompilationHandler$ScriptClassLoader: 90872B

Classes loaded by more than one classloader:
Class org.gradle.internal.IoActions                                                   : loaded 3 times (x 71B)
Class org.gradle.api.Action                                                           : loaded 3 times (x 70B)
Class org.gradle.api.GradleException                                                  : loaded 3 times (x 82B)
Class org.gradle.api.internal.classpath.ManifestUtil                                  : loaded 2 times (x 71B)
Class com.google.common.collect.UnmodifiableListIterator                              : loaded 2 times (x 95B)
Class org.gradle.internal.operations.MultipleBuildOperationFailures                   : loaded 2 times (x 95B)
Class org.gradle.internal.classloader.DefaultClassLoaderFactory                       : loaded 2 times (x 82B)
Class kotlin.collections.AbstractList$Companion                                       : loaded 2 times (x 71B)
Class org.gradle.internal.classloader.ClassLoaderVisitor                              : loaded 2 times (x 76B)
Class org.gradle.api.internal.classpath.EffectiveClassPath                            : loaded 2 times (x 90B)
Class org.gradle.api.internal.DefaultClassPathProvider                                : loaded 2 times (x 76B)
Class [Lorg.gradle.api.internal.ClassPathProvider;                                    : loaded 2 times (x 69B)
Class org.gradle.api.internal.ClassPathProvider                                       : loaded 2 times (x 70B)
Class org.gradle.internal.service.UnknownServiceException                             : loaded 2 times (x 83B)
Class org.gradle.internal.classpath.TransformedClassPath                              : loaded 2 times (x 96B)
Class org.gradle.internal.classloader.InstrumentingClassLoader                        : loaded 2 times (x 70B)
Class com.google.common.collect.Iterators$ArrayItr                                    : loaded 2 times (x 97B)
Class kotlin.enums.EnumEntriesList                                                    : loaded 2 times (x 223B)
Class com.google.common.collect.UnmodifiableIterator                                  : loaded 2 times (x 80B)
Class org.gradle.internal.service.ServiceLocator                                      : loaded 2 times (x 70B)
Class com.google.common.collect.Iterators$SingletonIterator                           : loaded 2 times (x 81B)
Class sync_studio_tooling1_66rg4jxxer2c1j6ppzbd2rmz3$_run_closure1                    : loaded 2 times (x 139B)
Class com.google.common.collect.Iterators                                             : loaded 2 times (x 71B)
Class com.google.common.collect.Lists$StringAsImmutableList                           : loaded 2 times (x 207B)
Class ijInit1_d3tceoxks6qqa7mxn940qdgif$_run_closure1                                 : loaded 2 times (x 140B)
Class org.gradle.internal.time.DefaultTimer                                           : loaded 2 times (x 80B)
Class org.gradle.internal.classloader.ClasspathUtil$1                                 : loaded 2 times (x 76B)
Class org.gradle.api.internal.classpath.DefaultModuleRegistry$DefaultModule           : loaded 2 times (x 86B)
Class com.google.common.collect.AbstractIterator                                      : loaded 2 times (x 82B)
Class com.google.common.collect.AbstractIndexedListIterator                           : loaded 2 times (x 96B)
Class ijInit1_d3tceoxks6qqa7mxn940qdgif                                               : loaded 2 times (x 171B)
Class org.gradle.internal.time.DefaultCountdownTimer                                  : loaded 2 times (x 88B)
Class org.gradle.api.internal.classpath.Module                                        : loaded 2 times (x 70B)
Class org.gradle.api.internal.classpath.UnknownModuleException                        : loaded 2 times (x 82B)
Class org.gradle.api.internal.DefaultClassPathRegistry                                : loaded 2 times (x 76B)
Class org.gradle.api.internal.ClassPathRegistry                                       : loaded 2 times (x 70B)
Class org.gradle.internal.classloader.ClassLoaderHierarchy                            : loaded 2 times (x 70B)
Class org.gradle.internal.classpath.ClassPath                                         : loaded 2 times (x 70B)
Class com.google.common.collect.Iterators$1                                           : loaded 2 times (x 81B)
Class kotlin.UninitializedPropertyAccessException                                     : loaded 2 times (x 82B)
Class com.google.common.collect.Iterators$4                                           : loaded 2 times (x 82B)
Class org.gradle.api.internal.classpath.ModuleRegistry                                : loaded 2 times (x 70B)
Class org.gradle.internal.installation.GradleInstallation$1                           : loaded 2 times (x 75B)
Class com.google.common.collect.Iterators$5                                           : loaded 2 times (x 82B)
Class com.google.common.collect.ImmutableCollection                                   : loaded 2 times (x 125B)
Class org.gradle.api.internal.classpath.DefaultModuleRegistry                         : loaded 2 times (x 86B)
Class com.google.common.collect.Lists                                                 : loaded 2 times (x 71B)
Class com.google.common.collect.Iterators$9                                           : loaded 2 times (x 81B)
Class org.gradle.internal.time.MonotonicClock                                         : loaded 2 times (x 77B)
Class org.gradle.internal.service.ServiceLookupException                              : loaded 2 times (x 82B)
Class org.gradle.internal.classloader.ClassLoaderFactory                              : loaded 2 times (x 70B)
Class org.gradle.internal.service.CachingServiceLocator                               : loaded 2 times (x 82B)
Class org.gradle.internal.time.TimeSource                                             : loaded 2 times (x 70B)
Class kotlin.enums.EnumEntries                                                        : loaded 2 times (x 70B)
Class org.gradle.internal.exceptions.ResolutionProvider                               : loaded 2 times (x 70B)
Class org.gradle.internal.classloader.ClasspathUtil                                   : loaded 2 times (x 71B)
Class org.gradle.internal.time.TimeSource$1                                           : loaded 2 times (x 77B)
Class kotlin.jvm.internal.DefaultConstructorMarker                                    : loaded 2 times (x 71B)
Class org.gradle.api.specs.Spec                                                       : loaded 2 times (x 70B)
Class org.gradle.internal.time.Clock                                                  : loaded 2 times (x 70B)
Class kotlin.collections.AbstractList                                                 : loaded 2 times (x 197B)
Class kotlin.collections.AbstractCollection                                           : loaded 2 times (x 117B)
Class org.gradle.internal.classloader.VisitableURLClassLoader$InstrumentingVisitableURLClassLoader: loaded 2 times (x 123B)
Class org.gradle.internal.classloader.VisitableURLClassLoader$Spec                    : loaded 2 times (x 74B)
Class org.gradle.internal.classpath.DefaultClassPath                                  : loaded 2 times (x 90B)
Class org.gradle.util.internal.DefaultGradleVersion                                   : loaded 2 times (x 82B)
Class org.gradle.internal.classloader.ClassLoaderSpec                                 : loaded 2 times (x 71B)
Class org.gradle.internal.classloader.VisitableURLClassLoader                         : loaded 2 times (x 117B)
Class org.gradle.internal.classloader.FilteringClassLoader                            : loaded 2 times (x 105B)
Class org.gradle.internal.Cast                                                        : loaded 2 times (x 71B)
Class org.gradle.internal.classpath.DefaultClassPath$ImmutableUniqueList$Builder      : loaded 2 times (x 75B)
Class org.gradle.internal.classpath.DefaultClassPath$ImmutableUniqueList              : loaded 2 times (x 199B)
Class org.gradle.internal.exceptions.NonGradleCauseExceptionsHolder                   : loaded 2 times (x 70B)
Class kotlin.NotImplementedError                                                      : loaded 2 times (x 82B)
Class kotlin.enums.EnumEntriesKt                                                      : loaded 2 times (x 71B)
Class org.gradle.internal.classloader.SystemClassLoaderSpec                           : loaded 2 times (x 71B)
Class org.gradle.internal.exceptions.MultiCauseException                              : loaded 2 times (x 70B)
Class org.gradle.internal.time.CountdownTimer                                         : loaded 2 times (x 70B)
Class kotlin.jvm.internal.Intrinsics                                                  : loaded 2 times (x 71B)
Class org.gradle.tooling.model.ProjectModel                                           : loaded 2 times (x 70B)
Class kotlin.KotlinNullPointerException                                               : loaded 2 times (x 83B)
Class org.gradle.internal.exceptions.DefaultMultiCauseException                       : loaded 2 times (x 95B)
Class com.google.common.base.Preconditions                                            : loaded 2 times (x 71B)
Class com.google.common.collect.PeekingIterator                                       : loaded 2 times (x 70B)
Class org.gradle.internal.time.Time                                                   : loaded 2 times (x 71B)
Class org.gradle.api.internal.classpath.GlobalCacheRootsProvider                      : loaded 2 times (x 70B)
Class kotlin.NoWhenBranchMatchedException                                             : loaded 2 times (x 82B)
Class sync_studio_tooling1_66rg4jxxer2c1j6ppzbd2rmz3                                  : loaded 2 times (x 171B)
Class org.gradle.internal.time.Timer                                                  : loaded 2 times (x 70B)
Class kotlin.jvm.internal.markers.KMappedMarker                                       : loaded 2 times (x 70B)
Class org.gradle.internal.installation.CurrentGradleInstallationLocator               : loaded 2 times (x 71B)
Class com.google.common.collect.ImmutableList                                         : loaded 2 times (x 206B)
Class org.gradle.internal.service.DefaultServiceLocator                               : loaded 2 times (x 83B)
Class org.gradle.util.GradleVersion                                                   : loaded 2 times (x 81B)
Class org.gradle.internal.installation.CurrentGradleInstallation                      : loaded 2 times (x 73B)
Class org.gradle.util.internal.GUtil                                                  : loaded 2 times (x 71B)
Class com.google.common.collect.Iterators$MergingIterator                             : loaded 2 times (x 81B)
Class org.gradle.internal.installation.GradleInstallation                             : loaded 2 times (x 75B)

---------------  S Y S T E M  ---------------

OS:
 Windows 11 , 64 bit Build 26100 (10.0.26100.7920)
OS uptime: 0 days 3:34 hours
Hyper-V role detected

CPU: total 12 (initial active 12) (6 cores per cpu, 2 threads per core) family 6 model 154 stepping 4 microcode 0x437, cx8, cmov, fxsr, ht, mmx, 3dnowpref, sse, sse2, sse3, ssse3, sse4.1, sse4.2, popcnt, lzcnt, tsc, tscinvbit, avx, avx2, aes, erms, clmul, bmi1, bmi2, adx, sha, fma, vzeroupper, clflush, clflushopt, clwb, hv, serialize, rdtscp, rdpid, fsrm, f16c, cet_ibt, cet_ss
Processor Information for processor 0
  Max Mhz: 1100, Current Mhz: 1100, Mhz Limit: 1100
Processor Information for processor 1
  Max Mhz: 1100, Current Mhz: 1100, Mhz Limit: 1100
Processor Information for processor 2
  Max Mhz: 1100, Current Mhz: 1100, Mhz Limit: 1100
Processor Information for processor 3
  Max Mhz: 1100, Current Mhz: 1100, Mhz Limit: 1100
Processor Information for processor 4
  Max Mhz: 1100, Current Mhz: 800, Mhz Limit: 792
Processor Information for processor 5
  Max Mhz: 1100, Current Mhz: 800, Mhz Limit: 792
Processor Information for processor 6
  Max Mhz: 1100, Current Mhz: 800, Mhz Limit: 792
Processor Information for processor 7
  Max Mhz: 1100, Current Mhz: 800, Mhz Limit: 792
Processor Information for processor 8
  Max Mhz: 1100, Current Mhz: 800, Mhz Limit: 792
Processor Information for processor 9
  Max Mhz: 1100, Current Mhz: 800, Mhz Limit: 792
Processor Information for processor 10
  Max Mhz: 1100, Current Mhz: 800, Mhz Limit: 792
Processor Information for processor 11
  Max Mhz: 1100, Current Mhz: 800, Mhz Limit: 792

Memory: 4k page, system-wide physical 16077M (2077M free)
TotalPageFile size 24269M (AvailPageFile size 9162M)
current process WorkingSet (physical memory assigned to process): 294M, peak: 319M
current process commit charge ("private bytes"): 339M, peak: 391M

vm_info: OpenJDK 64-Bit Server VM (21.0.10+-14961533-b1163.108) for windows-amd64 JRE (21.0.10+-14961533-b1163.108), built on 2026-03-02T19:58:50Z by "builder" with MS VC++ 16.10 / 16.11 (VS2019)

END.
